GlobalUnitID,ReceptorType,nerve_id,fascicle_id,P_x,P_y,P_z,Q1_x,Q1_y,Q1_z,Q2_x,Q2_y,Q2_z,R_x,R_y,R_z,Q2_local_u,Q2_local_v,j_P,path_length_mm,extension_angle_deg
1,RA1,3,2,2.62951404641,-17.9083586941818,-4.30465941863518,2.54095732043377,-17.8285060951697,-3.97559822567042,4.3661909016806,-17.7706184428364,-0.588138536864488,3.03110378726501,33.4499806441715,-4.24499402368398,0.328422644969044,0.130466189983887,531,57.7332449558133,0
2,RA1,4,3,-7.57015905773587,-19.4940575282589,-3.53245516601171,-7.44182779862985,-19.428158594156,-3.2135689505361,-2.62884424413641,-18.82075559117,-3.00286701543054,-4.59475582982136,33.3783397725648,-4.469519421526,-0.0462411802389863,0.0151500785273151,533,59.2210053292611,0
3,RA1,3,2,-5.80078809798671,-25.9671373119915,-2.42612342998798,-5.72604551321701,-25.8469519105415,-2.10601561174506,-0.0575302131827823,-24.2646988051189,-0.341271751879712,3.02709261276416,33.4603120618393,-4.10759481713818,0.334617194248844,-0.00724000897076477,612,67.9590659941278,0
4,RA1,4,1,-5.00089671198355,-14.7793585089715,-5.56106552831124,-4.91206456022299,-14.7510679088173,-5.22371038790798,-3.22912410193446,-14.4605767562249,-4.15096516551616,-4.65072748268103,33.4371528266995,-4.73260376959956,-0.315792640006317,0.0712498646150441,487,51.4115053068166,0
5,RA1,4,2,1.38515843429605,-12.2837432483875,-5.57926484388668,1.29472612288659,-12.2558285262007,-5.24230376996512,-3.01768589295183,-12.667421104372,-4.50103088532458,-4.29589490969411,33.3882605627347,-4.61600281686316,-0.1916591878527,-0.284395009611462,469,52.318822118753,0
6,RA1,3,2,-3.96106866839974,-28.8503655767287,-1.27212995760569,-3.94427923411136,-28.7178833943785,-0.948607800318119,-0.0220599525148102,-24.2853101983451,-0.414696260974098,3.05561860571751,33.4484849878677,-4.18582854072096,0.304183148488752,0.0711685129959335,612,67.6932253703603,0
7,RA1,3,1,-1.45615746063566,-25.7553644668121,-2.68240307965331,-1.47848893984172,-25.6384902831893,-2.35325002978292,0.264609330654426,-24.4888631347578,-0.483034998409637,3.38453420271895,33.3660670848033,-4.30117618123831,-0.0348133986020499,0.186773875889625,612,64.4868345576815,0
8,RA1,4,1,-3.81119267135098,-14.011066663716,-5.72553730219853,-3.73568492875123,-13.9797237371696,-5.38521950694975,-3.19239384047072,-13.6417009610041,-4.148402705253,-4.59313525162972,33.3994211826555,-4.57100269600743,-0.149890921255146,0.0135257904235164,479,49.7985699280046,0
9,RA1,4,2,1.79294262874793,-15.8449228113964,-5.22868148187927,1.70835232265032,-15.7585331172383,-4.90022859201898,-2.48780905378955,-16.9636108563321,-3.53675241139703,-4.45027843441739,33.3952864819222,-4.59851619328065,-0.175978138277564,-0.129658062068372,514,56.9562629197097,0
10,RA1,4,1,-3.08989098877433,-18.8461306103843,-4.67791043089459,-3.06049150315746,-18.7644988591682,-4.33883532499788,-2.74034122730501,-18.5597988966589,-3.22877492777313,-4.66321627053109,33.4211240617901,-4.65171526438477,-0.233335641185656,0.0837672424498639,530,54.6870036280778,0
11,RA1,3,1,4.40712217580105,-21.7017222155595,-2.93680871891175,4.27989887152928,-21.6049509347478,-2.62544149189478,3.20437910718284,-20.8469208885659,-0.407440845699408,3.31959641612266,33.3816211146844,-4.288868771214,0.0319561030067568,0.174438967297126,565,59.602899139917,0
12,RA1,4,1,-3.72459787745842,-21.7126084790132,-3.92487140091196,-3.69305166670844,-21.6406223846152,-3.58381005921425,-1.96715335411777,-20.1682564369859,-3.11147843988335,-4.55382872099489,33.4147514758263,-4.65742828641233,-0.237625285469594,-0.0258707227720738,548,57.8453871181306,0
13,RA1,3,3,-2.18501513446248,-30.4736985173891,-0.54147842580555,-2.21551309816553,-30.3362398696489,-0.221049035188196,0.454451507932084,-24.6395604880546,-0.302515912301073,3.64465094338085,33.3171492244381,-4.15528852179318,-0.299310020539119,0.0405602582012092,612,68.3802318890998,0
14,RA1,3,2,2.75697417423592,-14.466553043458,-5.20853530260196,2.66706417220598,-14.4240673010312,-4.87295944943993,5.26165159123253,-14.1666210438169,-1.264464699411,3.17284177738405,33.4258053406418,-4.12933569296449,0.184845974475659,0.0145494427098677,493,54.6639939139162,0
15,RA1,4,2,0.267130002901931,-21.5456423744052,-3.82461954131175,0.210610383090845,-21.4535041368089,-3.491729052188,-1.69838920961959,-20.1777247387398,-3.06068162117316,-4.37749457145267,33.3870060351749,-4.58297095904835,-0.159068444046495,-0.202608545649712,550,57.7013067109685,0
16,RA1,4,5,-6.92990840043403,-23.6375690758015,-2.92795419019284,-6.84241729635828,-23.5714060033514,-2.59558729269615,-2.14942059286925,-20.04915033148,-2.72797098897751,-4.67981271671421,33.3473369420915,-4.29289532920162,0.132990746564717,0.100401682083504,546,61.7721379698351,0
17,RA1,3,3,0.375297660625681,-28.637337088782,-1.40526808358039,0.329032355042445,-28.5211324818874,-1.07837970685869,0.401783084868844,-24.6049571103344,-0.250273948127837,3.59165580284531,33.3332867569146,-4.09502514582168,-0.24405915473232,-0.0198377648284559,612,65.9179607376122,0
18,RA1,4,3,-6.22226057015404,-22.3121402947965,-3.43893339552234,-6.1334083066023,-22.2154638502251,-3.11449705303469,-2.29007620147831,-19.7739418253699,-2.90147595068606,-4.61422811251735,33.375363362014,-4.44881818396328,-0.0253686567034795,0.0346669381888254,543,59.8851583384679,0
19,RA1,4,2,-0.627477045803282,-18.9826740812465,-4.71512256693897,-0.663983422476076,-18.8941873503699,-4.37846638784671,-1.82455265571154,-20.0408134220398,-3.09343466134869,-4.36847401677547,33.3924767217713,-4.61215436297026,-0.188753903367651,-0.211649750651329,548,57.3801798038369,0
20,RA1,3,2,-1.65331332333036,-24.2329692500151,-3.09953770720576,-1.68483274125252,-24.1190974544941,-2.77008400715266,-0.0483126540405227,-24.2735336904465,-0.310949154612267,3.04376097276372,33.4584775468983,-4.07928794818041,0.317955409843072,-0.035610124246379,612,64.6070404616614,0
21,RA1,4,2,-0.120079838041275,-12.5734171666034,-6.04282534455799,-0.157870361369991,-12.547970066644,-5.69580326824267,-3.17720905804985,-12.6940867483128,-4.51380497016141,-4.45475896699193,33.4051506507486,-4.64426604808046,-0.222778341496864,-0.125167272424891,469,51.0211512954942,0
22,RA1,4,1,-2.57066819738324,-16.3617560122651,-5.37054294794734,-2.55479146701433,-16.2890545883878,-5.02854523976934,-2.83237037629127,-16.2244980832403,-3.61831669677266,-4.53008155902349,33.4049712174907,-4.61846106607258,-0.197481633252594,-0.0496722479856753,506,52.5284239470599,0
23,RA1,4,1,-0.756496179580053,-23.2638634021501,-3.72152627695274,-0.777469081631582,-23.1381862715752,-3.39554254080935,-1.87406398900535,-20.3541738298044,-3.11825956268597,-4.6132234491978,33.4225414611851,-4.67505928020748,-0.256476428196736,0.0336599749415765,550,58.6654572249487,0
24,RA1,4,1,-4.88123379356167,-12.366645369449,-5.65703856993255,-4.81398100201951,-12.3219762276619,-5.31647766524473,-3.40996491527913,-12.1787226869419,-4.49582886526274,-4.62390765611813,33.4009822428108,-4.56828631478935,-0.147551028054448,0.0443686407058498,464,48.5805548349481,0
25,RA1,4,1,-3.11916304789929,-15.493669886249,-5.67214100514796,-3.09687406406826,-15.4182113499615,-5.33109964328532,-3.11733953845365,-14.9220943879733,-3.8780302927206,-4.56809424362164,33.4004315828033,-4.58413414119905,-0.162951607087713,-0.011572542766618,492,51.2619906690269,0
26,RA1,4,2,1.32957528379146,-18.7343492950248,-4.57714531025326,1.25639183885782,-18.6279810891198,-4.25183009671385,-1.72894699856291,-20.2084661949394,-3.07395353659106,-4.41800278078678,33.3938124016689,-4.60214692538463,-0.17923085396455,-0.162007602809264,550,59.285529267966,0
27,RA1,3,1,2.62982321619949,-23.1394548480272,-2.77950124793228,2.56046265474321,-23.0385744557847,-2.4516106274878,2.00850556361306,-22.5794986836256,-0.46666268912367,3.43535445229626,33.3527864178888,-4.32696577535545,-0.0873119554138327,0.21262109195248,586,61.2337905416286,0
28,RA1,4,2,0.850486926095468,-13.783634910296,-5.61154869920624,0.782134544493564,-13.7316832540455,-5.27224208662379,-3.04385677493297,-13.7443907301194,-4.20758415381685,-4.44531906062007,33.4036137960468,-4.64003331235354,-0.218320818845195,-0.134628789122943,480,52.9499339635594,0
29,RA1,3,2,-6.85044344062358,-28.3398662631033,-1.27978577892153,-6.76174627966564,-28.2124911673048,-0.966084649487275,-0.0395416745640031,-24.2750760905607,-0.379583134849207,3.04135809273137,33.4542870809247,-4.14832850499109,0.319373128266902,0.0335846905645956,612,69.6847071369999,0
30,RA1,4,1,-5.92509887720897,-18.6050194964319,-4.37507491514572,-5.85541835297266,-18.5301956861246,-4.04034215315005,-2.65133036863692,-18.482166634412,-3.33028225941504,-4.56797495782113,33.4299599989116,-4.7255679877435,-0.307435032576595,-0.0116921016424046,529,57.1127166851793,0
31,RA1,3,1,5.36323258758161,-13.9764527161959,-4.45567533010947,5.25360448013697,-13.9206348239073,-4.12800775319872,5.61425435707663,-13.5416481756821,-1.45942183688081,3.3812863013681,33.3712793497542,-4.23590118475542,-0.0304942215189151,0.121353034835198,486,51.9059703295165,0
32,RA1,3,1,0.641718950925751,-25.8481093796711,-2.4997335674279,0.590952734197786,-25.7174169741599,-2.17904323957123,0.29377432017828,-24.5075262434281,-0.519042204363677,3.41255402280831,33.3569534578928,-4.34151547481763,-0.0641543050253009,0.227203299952367,612,63.7156882701112,0
33,RA1,4,1,-2.5405245072163,-18.1207284541956,-4.93436869055217,-2.51717345394415,-18.0299076926204,-4.59716501682074,-2.52715666765096,-17.6875847360328,-3.40480995708114,-4.56500281658293,33.4032747189007,-4.59877209670393,-0.177861649265427,-0.0146710468614016,521,53.831140630864,0
34,RA1,4,1,-6.58427929666589,-17.9823865641519,-4.31816852201238,-6.48109873888139,-17.9108598154133,-3.99146116563642,-2.59122968757248,-18.2934117152896,-3.34429955012784,-4.52831949160631,33.4202496698002,-4.69220422378251,-0.272790797250206,-0.0514383492195172,527,57.6932532225902,0
35,RA1,3,1,1.85977855460233,-25.1201814763454,-2.45266640219856,1.7855574421593,-25.0136488112782,-2.12764022211239,0.53266188585514,-24.0701069911017,-0.536469120579682,3.33213248191272,33.3732153249159,-4.37003082998465,0.0178727329025851,0.25578236726003,607,63.4313912132474,0
36,RA1,4,1,-4.10655278546194,-16.7517046727354,-5.1949515611133,-4.04884321618828,-16.667238956019,-4.86023504178114,-3.00503484200728,-16.1804581896466,-3.65028997134764,-4.67544765470267,33.4231784274129,-4.65750155959162,-0.239419708172196,0.096026627344257,505,52.7689978032843,0
37,RA1,4,2,0.0836354565680879,-16.5616230125416,-5.35196829189027,0.044769772465384,-16.481195875719,-5.01355887378588,-2.35608446302941,-17.0435523963101,-3.55510484282756,-4.34084877473049,33.3909137427616,-4.61381926006822,-0.19006412563465,-0.239338233841761,515,55.0661459706722,0
38,RA1,4,1,-6.71225407589792,-15.7594056824679,-4.63294223280003,-6.5927152977738,-15.7242082453964,-4.30587706964719,-3.11938967450455,-15.2095211821227,-3.78636633676033,-4.59191048589612,33.4011771115255,-4.57981643909006,-0.158877493319701,0.0122982208923029,495,53.974344730597,0
39,RA1,3,2,-3.2997942642191,-26.9529996837698,-2.4493697226246,-3.29561850128733,-26.8193708360729,-2.12591046078913,-0.0402885169985472,-24.2772799271861,-0.340575372524605,3.04777569735023,33.455475587104,-4.10980030758861,0.313376673648603,-0.00502959077116341,612,66.1379406585274,0
40,RA1,4,1,-3.38707766826818,-22.9633038059021,-3.71769841593598,-3.3749753053356,-22.859635164239,-3.38362305685187,-1.87996516592442,-20.3598792005935,-3.10544573114581,-4.62338685646213,33.4209039961663,-4.66385243922966,-0.245171513374065,0.0438466488081043,550,58.7645375855634,0
41,RA1,4,1,-4.15902179674091,-18.6154784811328,-4.68467879501768,-4.09906049571856,-18.5275146381853,-4.35126163182175,-2.61334112578312,-18.3866476349895,-3.32917167013008,-4.53895898726951,33.4227948340637,-4.70086787810215,-0.281791791225891,-0.0407744970677282,528,55.2618849198843,0
42,RA1,3,3,1.04240967217134,-28.0016463362393,-1.53149537389755,0.98598518355641,-27.8782525911761,-1.20886515094283,0.497227631895189,-24.6710261626742,-0.297205196932236,3.6966363038736,33.305239934111,-4.15723281000349,-0.352641924595284,0.0425088905539293,612,65.2839303379134,0
43,RA1,3,1,4.97131720881898,-16.9340889413296,-4.00042879701083,4.85904337192824,-16.8522872503049,-3.67917645243521,4.99547993960226,-16.50757700942,-0.900767010777602,3.29044210701552,33.3809345886796,-4.39517856439403,0.0602383468092328,0.280986289501619,517,55.110456721944,0
44,RA1,4,1,-4.22254803697977,-13.7542513487765,-5.64703889184848,-4.13797833896883,-13.7236913388688,-5.30878742921634,-3.25491629158776,-13.2359643880706,-4.45754023746423,-4.59593679965089,33.4380222954123,-4.7549130495402,-0.337808531037474,0.016333751894593,474,49.3565365864412,0
45,RA1,3,1,4.3986806595509,-20.3507770561271,-3.32940730738057,4.29912280673404,-20.2534965157917,-3.00827691265818,3.83220054289337,-19.8506756681556,-0.582573853230853,3.33615406153389,33.3691961518217,-4.41535312992653,0.0130625811333279,0.301205931265828,553,58.3391806079917,0
46,RA1,4,2,-1.7042228826081,-13.299311477856,-5.76307908078168,-1.70416072684031,-13.2740013449459,-5.41399543277058,-2.9822974913146,-13.0729410278272,-4.39693452689551,-4.31689736620269,33.3934976741193,-4.63412456732389,-0.210468846831835,-0.263344473183631,473,49.5431310718115,0
47,RA1,4,2,0.517855549562023,-20.7654681711579,-4.19350637986821,0.454903675439564,-20.6735457387512,-3.861712275091,-1.69242287535082,-20.171797662092,-3.06308471390357,-4.36882519740141,33.3866358795249,-4.58406967430766,-0.160068286586444,-0.211297766084381,550,57.7258698222468,0
48,RA1,3,2,-4.8577965115905,-28.9280786567411,-1.25789574594668,-4.84276142429022,-28.7899246059406,-0.936667782660054,-0.0302706200655508,-24.2822533561286,-0.373353930175295,3.05357647251993,33.4518332818225,-4.14375044331342,0.30691454994393,0.0289964000783497,612,68.4299669193527,0
49,RA1,3,1,0.524946513196431,-22.8210788234244,-3.64172088647123,0.467875437446438,-22.7155766428691,-3.31291671646905,1.15190189162093,-23.4293229107931,-0.560134267060643,3.36545857432623,33.362913062391,-4.41017524865701,-0.0169059313960091,0.296016481004874,598,63.3658122793282,0
50,RA1,3,2,2.57107327118021,-17.5664736185542,-4.61911833439798,2.48393461063866,-17.4982304646465,-4.28707959300813,4.46839370614103,-17.4575335063663,-0.449713603963058,3.08636900190308,33.4493892725146,-4.07107147019609,0.274392365153953,-0.0438449603888854,528,57.9465733300658,0
51,RA1,3,1,-2.87696584121703,-29.3421522224613,-1.11460837402481,-2.8656511912964,-29.2081618156418,-0.791469782121072,0.254009422681407,-24.4778198845441,-0.530450992896267,3.3630156988011,33.3678620878976,-4.34607963222488,-0.0134300449337951,0.231777655101743,612,67.5334815241664,0
52,RA1,4,1,-3.58649641682545,-20.9494817534863,-4.04826580329828,-3.55601453671441,-20.8686947962168,-3.70908396044695,-2.19974911386839,-19.965181824718,-3.06434419651249,-4.61670078979099,33.4103609075101,-4.61558207564864,-0.195765240399192,0.0371452760442906,545,56.9009747622931,0
53,RA1,3,2,-4.06012581287812,-29.9451214502826,-0.731994103767061,-4.03807901617388,-29.8187345057485,-0.406355839727945,-0.000144834986722166,-24.3029357600364,-0.3906013652122,3.08625611712015,33.4429196338212,-4.16578193172167,0.273073142450753,0.0510771136594962,612,68.6862114689514,0
54,RA1,4,1,-2.48526644199418,-23.7105027383143,-3.4342886242681,-2.49130191578774,-23.6053452700492,-3.10051402978229,-1.8548644283515,-20.3346197468358,-3.09402210888643,-4.59019208965692,33.4152129458363,-4.64759496158842,-0.228093959724636,0.0105758908107727,550,59.1308040632233,0
55,RA1,4,1,-4.70761413419898,-12.843299196105,-5.69507401686719,-4.63453071523389,-12.7975243795892,-5.35586393440307,-3.44565916272433,-12.5202838571113,-4.57585203646524,-4.69153928824191,33.4298731897481,-4.68422954457415,-0.266951836784855,0.112155098690586,467,48.746104601477,0
56,RA1,3,2,-5.90114704539169,-29.2481667209449,-0.900593783423457,-5.85978601154335,-29.1013010147635,-0.585602149841198,0.0029523413569138,-24.3042708138206,-0.40361194331684,3.08751059334782,33.4417214219759,-4.17911011953155,0.271584946508553,0.0644350807714819,612,69.4641938654006,0
57,RA1,3,1,4.41689584754188,-16.0117088669459,-4.45229325350984,4.35359567248816,-15.9665083239605,-4.1110455447234,5.43798485155152,-14.9370800033182,-1.1960173290647,3.46586129571425,33.347295260212,-4.3062688730382,-0.118278130244507,0.191877946341271,500,54.0049259862808,0
58,RA1,4,1,-6.55763065091027,-19.1399275488611,-3.93995179709381,-6.45888773630389,-19.0521412846306,-3.61584778812833,-2.72021526153407,-18.6695774801224,-3.27209779949778,-4.63992722224882,33.4320130191188,-4.71156912667642,-0.29415149514136,0.0604248796631496,531,57.8643707426845,0
59,RA1,4,2,0.18966400602275,-13.896680302735,-5.72320451341675,0.133027744135738,-13.8417062293399,-5.38222037141919,-3.02669570845882,-13.7164433222645,-4.07854849385065,-4.43829090333026,33.3759691011771,-4.5099866391861,-0.0853691737169751,-0.14167303563712,480,52.2319480816375,0
60,RA1,4,2,-0.868183059758,-13.4779872229951,-5.94310017182404,-0.880471560195802,-13.4577349144955,-5.59390275379603,-3.10663982734104,-13.2538322913369,-4.2451417047275,-4.47215706518571,33.3878291132473,-4.55556131547932,-0.132405902247104,-0.107729345596971,475,50.849827996726,0
61,RA1,3,1,-0.855300753270337,-24.1772457386016,-3.16950574874376,-0.870210971749107,-24.0633440022644,-2.83889407344435,0.26805949363624,-24.4923339314376,-0.469357903803856,3.39120922031913,33.3654387833957,-4.28828966315047,-0.0414622875402977,0.173858565326716,612,64.4283101362176,0
62,RA1,3,2,-3.42119585348626,-28.1425395184907,-1.86346900036658,-3.40978531416291,-27.9908867870452,-1.54823694514776,0.00746483835216612,-24.3107335193363,-0.358410349377967,3.10135786539349,33.4415846331281,-4.13536600413264,0.258049615529208,0.0205932274620189,612,66.836844476975,0
63,RA1,3,2,-3.56509436566286,-25.7803984229528,-2.72357205390691,-3.55569171794657,-25.6461357186716,-2.40048519800741,0.0309969704373738,-24.3218097871431,-0.444018922571789,3.11337063962276,33.4328128632917,-4.22359310916584,0.244395751733904,0.109017459190348,612,66.0041812729623,0
64,RA1,4,1,-0.765091984056735,-22.2969147845704,-3.78426493981627,-0.789565878809917,-22.1911971479388,-3.45151156300299,-1.84322874928056,-20.3235655315439,-3.13227825865443,-4.56817494361834,33.4209353832138,-4.68228814087499,-0.263224302542688,-0.0114916580272747,550,57.7229665925833,0
65,RA1,3,1,3.77520564131321,-16.2283532315769,-4.61475359250683,3.70975351907758,-16.1823384082118,-4.27402106437731,5.22384701936104,-15.179547883549,-1.07641550344228,3.30181630292199,33.3868515766708,-4.27132956110103,0.0504524261035251,0.156860569153186,503,54.777954851393,0
66,RA1,4,1,-5.82665079918895,-21.0959423481779,-3.76533920004928,-5.74910545319279,-21.0328790275041,-3.42991448882495,-2.48380125458718,-19.5350372094856,-3.10647291933517,-4.64117478913501,33.4179428677424,-4.64378221183758,-0.224919798290309,0.0616753025445409,540,58.5845252377122,0
67,RA1,4,3,-7.47446039408259,-21.0045699528057,-3.49032469528817,-7.34773203727958,-20.9233446940639,-3.17434624519334,-2.63623033488764,-19.2450743852115,-2.94796561185057,-4.70229939484482,33.3866835379159,-4.47385592813899,-0.0521917990406583,0.122939837890945,537,59.8125555430264,0
68,RA1,4,3,-4.62484226223493,-24.0980124732069,-3.05363904207226,-4.57567305473088,-24.0011110293938,-2.72093421911298,-1.87610461949964,-20.3524420141688,-2.86751085574386,-4.65423226173409,33.3746898396587,-4.43234426830464,-0.00910495430044443,0.0747626669911806,550,60.6152172599102,0
69,RA1,3,1,-0.554499175867013,-27.8915935427494,-1.82634845776448,-0.596983533768915,-27.7731423603918,-1.49975330052583,0.245700843321601,-24.4728797783983,-0.514843700650971,3.35603555125098,33.3705925524625,-4.32932114737756,-0.00601914101498961,0.214981726605645,612,65.2673390023192,0
70,RA1,3,1,-1.04568306076522,-26.2682728122641,-2.38970132691481,-1.07270607956862,-26.1415073281158,-2.06458554987009,0.282043081772444,-24.4967808060418,-0.550550510317895,3.39266714606345,33.3594658963707,-4.37056817709283,-0.0442037606955608,0.256320914968177,612,64.2566135944237,0
71,RA1,3,2,3.11436388320453,-12.7536940615598,-5.10693488628756,3.0431027432298,-12.7177994807481,-4.76615133475102,5.28234012285537,-12.3470348897478,-1.48497318133795,3.00798336561377,33.4670949756759,-4.07180863887651,0.354752787439288,-0.0431061446451736,474,52.2773514687325,0
72,RA1,3,1,1.58571493330954,-22.0714428144143,-3.52865161285608,1.49108489589937,-21.9613279335645,-3.21018674974685,1.99472881313202,-22.4333122549759,-0.549157747761464,3.32156893648296,33.373837357924,-4.39585288843095,0.0283126806003058,0.281662120187415,585,61.8404651108433,0
73,RA1,4,1,-2.91301863036153,-20.4260081195621,-4.38317769324449,-2.88235882130253,-20.332705533437,-4.04723930078118,-2.23614941808346,-19.9921640738642,-3.11043855439643,-4.65391151011235,33.4236185935518,-4.66674172575161,-0.248554720522007,0.0744411810880912,545,56.2625017129934,0
74,RA1,3,1,-1.77637231956218,-27.1860658990144,-2.25504740543714,-1.79139181114733,-27.0533177973971,-1.93154724100204,0.253314247737925,-24.4757157705324,-0.553157224034633,3.35793315712848,33.3674883596565,-4.368317248865,-0.00855565782659977,0.254064957469102,612,65.2515506954169,0
75,RA1,3,1,4.60119405671117,-14.0617729764816,-4.80624257426205,4.51931218950186,-14.0083727609952,-4.47017148534138,5.65737913582601,-13.7579946988883,-1.46210581313581,3.45433388947192,33.3519675867732,-4.27621494138512,-0.106003319034714,0.161756864890856,488,52.6989136811092,0
76,RA1,3,1,-0.606865472824209,-25.3807889528109,-2.72590574360743,-0.630579701129763,-25.2639529596297,-2.3968358633795,0.279126439293245,-24.4991379094366,-0.486968223440915,3.40110216893426,33.361881541768,-4.30748263999632,-0.051896675603326,0.193094425230934,612,63.8979956139961,0
77,RA1,3,1,2.46346132669951,-20.2332436832389,-3.62909436908844,2.37956201385334,-20.1446286414009,-3.30105735949351,3.30373236836041,-20.7953876953982,-0.372014227897701,3.37392481778164,33.371332963493,-4.2594350159159,-0.0233027929842622,0.144939447867866,564,60.2171701307523,0
78,RA1,3,2,-2.61626812700809,-25.3153006513307,-2.77170896986142,-2.63144753965922,-25.1922374484138,-2.44440936167438,0.0519743436006657,-24.3394046855958,-0.410679590748065,3.14462221943908,33.4277433418683,-4.19428815404955,0.212796393540531,0.0796470277224257,612,65.1533097384046,0
79,RA1,4,1,-4.22822847334819,-14.5620270898099,-5.63368485438218,-4.14855313740764,-14.5291677585982,-5.29446205857524,-3.25120290387251,-14.2348844069437,-4.07498734391342,-4.67599815261108,33.4146858688103,-4.6166533387709,-0.197698019487027,0.0965783854812088,485,50.5887048485992,0
80,RA1,3,1,2.81666950221227,-22.4208988693118,-3.13858923121841,2.7445441758052,-22.3189620205337,-2.81162315323497,2.22692836944579,-22.1059058335522,-0.479421761978204,3.30386305732333,33.3822781417833,-4.33125689225089,0.0474458508703285,0.216921796532926,581,60.9867994640515,0
81,RA1,4,1,-4.80512720566478,-22.3024879044431,-3.60688719159264,-4.74840373492786,-22.2165407900649,-3.27237928227267,-2.06560864662953,-20.1198653898878,-3.07739570213629,-4.60203531509067,33.4122609725197,-4.62953737591421,-0.209814254539626,0.0224462283741079,547,59.0504689890361,0
82,RA1,3,1,0.214865266604907,-24.0558314370095,-3.18634735817429,0.185601261075226,-23.95356947471,-2.85290154691403,0.387513063613313,-24.3288029928341,-0.571061799566791,3.37375854768912,33.3617792654457,-4.39929229059118,-0.0252513016221664,0.285109207037984,610,63.8393437984095,0
83,RA1,3,2,-5.30223388522231,-29.9482698952767,-0.701565434233916,-5.25869388081879,-29.8072393812005,-0.384209699897925,-0.0128307727685942,-24.2929483506892,-0.401489380424618,3.06909429401543,33.4462179664982,-4.17437396683646,0.290539593577656,0.0596883460434846,612,69.4785187242548,0
84,RA1,4,1,-1.08504742906905,-20.7650358215087,-4.36705795554457,-1.10004997050162,-20.6733103459661,-4.02962446448736,-1.8413258495941,-20.3206191270795,-3.06283247683646,-4.57609759205941,33.4073387479795,-4.6145579253816,-0.194144907160824,-0.00355087264602617,550,56.7397770905364,0
85,RA1,3,3,-0.990683031422684,-30.2785531601654,-0.77582612144717,-1.00128148226764,-30.1198605655038,-0.464050026726505,0.470434510103913,-24.6527519427701,-0.280158784021652,3.66789163423992,33.313210318505,-4.13595804509751,-0.322846652603254,0.0211865912298814,612,67.6747795768854,0
86,RA1,4,2,-2.30469066712832,-12.3890377922619,-5.93244703745451,-2.28943768553198,-12.3385288275125,-5.58644676139629,-3.06930029154001,-12.3548144720867,-4.57062023309374,-4.30160806291206,33.3909222637772,-4.62685603295105,-0.202827327263718,-0.278668777545077,466,48.3462868494891,0
87,RA1,4,2,-0.901677925283212,-16.8393487449014,-5.39667333951924,-0.917809078754233,-16.771276575833,-5.05373607749306,-2.44994215320794,-17.0634583036185,-3.52690031710039,-4.43956541986352,33.3944840288706,-4.59822171366849,-0.175525834428264,-0.140395601414111,515,54.2859519457961,0
88,RA1,3,3,-3.91634370117174,-30.7434990641992,-0.639203359192773,-3.89737159940684,-30.611507771466,-0.315601199130064,0.433642096515807,-24.6256781617481,-0.284863829812088,3.6231525055603,33.3234502443048,-4.13442082131407,-0.276950736183647,0.0196459328121112,612,69.5062932854277,0
89,RA1,3,2,-7.374644152812,-27.3691564274312,-1.59140530787373,-7.27946591448107,-27.2503225762466,-1.27625515515148,0.00207985142000091,-24.3081543942164,-0.339451793783068,3.09849056674222,33.443576082726,-4.11579844097746,0.261286029267398,0.000981944306557375,612,69.8611867533138,0
90,RA1,4,1,-3.43507041844539,-18.2739332024089,-4.92661419242803,-3.40827310813583,-18.1798475814685,-4.59056389843554,-2.54887091089119,-17.9882472477545,-3.34695007183389,-4.54086583084006,33.4055323708167,-4.61757650281175,-0.196730465299351,-0.0388632882513857,524,54.4847665148175,0
91,RA1,3,2,-6.09377580435503,-27.4455754396671,-1.73983651818892,-6.0250519139483,-27.3248726520186,-1.41857671064797,-0.0259719390771491,-24.2809153522313,-0.436729325736906,3.04682764107282,33.4490337489195,-4.20686403586592,0.312878127518147,0.0922510079561659,612,68.6347035090193,0
92,RA1,4,5,-6.23897723517664,-25.2835842078395,-2.57912714394061,-6.16512129602099,-25.1665724182217,-2.25764068801768,-1.88992002276173,-20.3628599247964,-2.64210036748957,-4.70777151314812,33.3333433193363,-4.21662848246726,0.210507649890808,0.128424483252968,550,62.7849002459779,0
93,RA1,3,1,4.49597867597865,-18.9893685631599,-3.65537007270134,4.40315440615692,-18.8965818220861,-3.33091009733771,4.49756017194569,-18.8255606241096,-0.547135406412103,3.45633657930561,33.3472866407955,-4.33785550375519,-0.108990670628042,0.223535151380305,541,57.4849130157938,0
94,RA1,4,1,-4.95930466610895,-17.6414010310093,-4.92083063878187,-4.87917872917905,-17.5541033455055,-4.59149957687487,-2.66125025083798,-16.6955842735727,-3.59370473672733,-4.52538997422492,33.4089384856875,-4.63901178343024,-0.218409373412368,-0.0543745730049453,511,54.3713130239553,0
95,RA1,4,2,-0.105466757402516,-17.2087695681818,-5.0926267081648,-0.144697890842719,-17.132681375024,-4.75325743284515,-2.3470311664487,-17.2711028521287,-3.53690637209003,-4.37425261147343,33.3962880722054,-4.62849090532724,-0.205524590508635,-0.205857927292892,517,54.9084789557987,0
96,RA1,3,1,2.1094092442638,-24.0412635533646,-2.69819676846732,2.03378876983118,-23.9390799935095,-2.37209852569082,1.32453787164888,-23.3177103982825,-0.47149869346423,3.42676374289696,33.3545856695644,-4.32910567377055,-0.0785360161953334,0.214765771563823,596,62.2530477118985,0
97,RA1,4,1,-2.852294867788,-19.5049189666025,-4.63199387513665,-2.81971388689079,-19.4238160187539,-4.29308268981807,-2.49753049836397,-19.2183788454051,-3.16631041128208,-4.5319373227069,33.4154880930061,-4.66820563850399,-0.248325623764938,-0.0478122359912101,537,55.3747677437343,0
98,RA1,4,2,-1.00087594129815,-14.7897657779365,-5.74117062028599,-1.03248083729057,-14.7110085919831,-5.40161438604782,-2.96237737576338,-14.4397342281698,-4.09063310990483,-4.39011808658071,33.4027781874422,-4.65431385535025,-0.232128961466989,-0.189956132112209,487,51.7410463573854,0
99,RA1,4,2,0.419864244474386,-17.7500528027893,-4.94056089818071,0.366930001370335,-17.6790076887215,-4.60196001561526,-2.37850550820046,-17.4923000270305,-3.47058148584895,-4.42555571356858,33.3953070934228,-4.6068027064355,-0.184093868736934,-0.154437379459668,519,55.667123121625,0
100,RA1,4,2,1.46072624236376,-16.4910555588159,-4.90960082420226,1.39001366136333,-16.4139324306199,-4.57560718057186,-2.31451130339599,-17.1443760736318,-3.5043190859284,-4.32777570681861,33.3818851083595,-4.57491601829626,-0.150136753142691,-0.252441229302794,516,56.4078993760427,0
101,RA1,4,2,1.14827020928769,-14.5487294978441,-5.45493882609907,1.09058291839252,-14.5152356723052,-5.11135428028837,-2.87903840904739,-14.3254480045943,-4.06288732671819,-4.30819684552302,33.3856450950795,-4.5994046418714,-0.174876864085528,-0.272064911549198,486,53.6998256228019,0
102,RA1,4,1,-5.10261418252618,-18.4497110188769,-4.3277970347342,-5.0387502242601,-18.3751401170002,-3.99184975400717,-2.7336273936275,-18.3710148545364,-3.31019287324919,-4.66109682876728,33.4289789244692,-4.69002954392223,-0.272446538565371,0.0816429487493765,528,55.9745944197706,0
103,RA1,3,1,0.597225074350137,-26.5798923834805,-2.16414500188018,0.549415990806589,-26.4437757012301,-1.84526173116207,0.276360836954724,-24.4964261905347,-0.496931455908063,3.39593893741437,33.3624102611762,-4.31682766396373,-0.0467442173778016,0.202460328878008,612,64.0363437984521,0
104,RA1,3,2,2.1169089847365,-12.3540182191437,-5.42912169044501,2.02453513321603,-12.3086831357163,-5.09458947709941,5.21798871836053,-11.8651396529524,-1.56085116625643,2.97413304706341,33.4719769684682,-4.11243191327088,0.388845240263262,-0.00239210526623322,469,52.7450038660966,0
105,RA1,3,2,-3.65316526295138,-24.9296037411065,-3.11454640185106,-3.63790394106315,-24.8258534709533,-2.78062579227843,-0.0106859470237248,-24.3012501604589,-0.305728800517803,3.08959114421772,33.4480156711908,-4.08045774684949,0.270946375211398,-0.0344377118845381,612,66.1903753768626,0
106,RA1,3,3,1.77483543984165,-26.8204588182965,-1.82318064065624,1.70900096661724,-26.6993348459141,-1.50147455515338,0.44046387985577,-24.6369668921414,-0.194961709982204,3.64812688405821,33.3237843557031,-4.04705645729788,-0.301234191969131,-0.0679136302684054,612,64.6247437350381,0
107,RA1,4,1,-1.3783386636635,-22.4544879505773,-3.74732713775729,-1.38293632616527,-22.3494291470682,-3.41349857501175,-1.87993054512376,-20.3601175128637,-3.12359109546461,-4.62057659900317,33.4243825208134,-4.68143978004327,-0.263098545762964,0.0410299579611398,550,57.6871704133593,0
108,RA1,3,1,1.51221657942374,-23.8957957799048,-2.97296599260816,1.42373131232943,-23.7890369356259,-2.65160497027427,1.11571289103985,-23.5312125726532,-0.530160873772021,3.41088491657833,33.354281737417,-4.38598659632849,-0.0631166971498532,0.271773783730739,599,62.5899599831849,0
109,RA1,4,5,-7.93094910276864,-22.2981352236842,-2.74676462235951,-7.79425605165098,-22.2373817213395,-2.43034082153378,-2.36229861781669,-19.5685504934797,-2.680269455686,-4.61363753515286,33.3279443328301,-4.22195173581775,0.206400512998166,0.0340750088438124,541,61.3776642178829,0
110,RA1,4,1,-4.83092226973995,-20.1126688804024,-4.28473090993941,-4.77273976176499,-20.0302696276695,-3.94958145236145,-2.61266727219536,-19.2567015067261,-3.16731751151319,-4.6515419533324,33.4272679293764,-4.68500102769056,-0.267174441853167,0.0720661997951283,537,56.8849828089548,0
111,RA1,3,2,-6.27621640877958,-28.2462853742692,-1.44597578793442,-6.21102461814115,-28.1156189039973,-1.1278935596034,-0.037808825773929,-24.2773318939135,-0.365434077929246,3.04607443921004,33.4541540795014,-4.13468938434734,0.314743937507947,0.019915095898423,612,69.1604698183461,0
112,RA1,4,1,-2.2060564469338,-22.2964397428925,-3.88318242635078,-2.19886782285998,-22.2008393231023,-3.54656857723005,-1.86886400683104,-20.3483185818999,-3.07451231016104,-4.61264560934259,33.4134186645345,-4.63156690698539,-0.212037589139997,0.0330808122652264,550,57.5623409453267,0
113,RA1,4,2,-1.45102716164164,-17.6528043291043,-5.17152488691819,-1.45197654269633,-17.5846813912465,-4.82821982722166,-2.32189377644478,-17.3814626262739,-3.51151646771481,-4.36245959862576,33.3937732758743,-4.62035469393619,-0.197046108843251,-0.217677937320876,518,53.9222052816402,0
114,RA1,3,2,-4.67470228188185,-26.7955889329756,-2.35150413285675,-4.63693534074476,-26.6632652130316,-2.02969038035798,0.0377752614970021,-24.3305011325584,-0.390555393696027,3.1314666290568,33.4322453968625,-4.17209508218496,0.226621539415645,0.0574043696574303,612,67.2464723290818,0
115,RA1,3,2,-2.67688623841214,-26.3815848984336,-2.53096066528329,-2.68228948014413,-26.2533133838803,-2.20535780360518,0.036632014611484,-24.3276844250326,-0.418756492227094,3.12482054263913,33.4318600087669,-4.19966723887302,0.233018260627405,0.0850381310884247,612,65.4124630965805,0
116,RA1,3,3,2.26947208202681,-25.6881921113749,-2.01580647561061,2.18913865811103,-25.5656675725265,-1.69794757864225,0.519263647857816,-24.4526872751546,-0.171729190902456,3.60562357278124,33.3347026079573,-4.02824306345847,-0.257368986000941,-0.0867690590601238,610,64.1911683828826,0
117,RA1,4,1,-3.9032976283588,-17.7334909553451,-4.87962967291216,-3.85762534023933,-17.6382274146944,-4.5459548313064,-2.55191654935641,-17.3894584604359,-3.45614419632989,-4.5969104243251,33.4034524470129,-4.58905578284978,-0.168386858907727,0.0173096054412059,518,54.0963425765982,0
118,RA1,3,1,-1.66702435062912,-28.276773720658,-1.7098828464518,-1.67292889799863,-28.1441270209414,-1.38604648441898,0.275912065302392,-24.4944788563231,-0.519954640961727,3.39109073654302,33.3619592159729,-4.33941863700781,-0.0421154619975104,0.225101777157041,612,65.9791896381426,0
119,RA1,3,1,3.78127834935463,-14.7208525976096,-4.91997237531395,3.69058986161283,-14.6533349426711,-4.58873686323424,5.38168125684459,-14.2403148449355,-1.48430072728636,3.27240062347481,33.3869168380812,-4.36754042976863,0.0791556720431604,0.253286402718126,493,53.6378416661861,0
120,RA1,4,5,-7.44427978086482,-22.3827351640247,-3.03127904153844,-7.32393455381914,-22.310587248718,-2.71063639832919,-2.46105180078911,-19.7402263758394,-2.62746835479163,-4.78693027203968,33.3350161234148,-4.1984222989966,0.227987385117331,0.207764456505525,542,60.9090826727126,0
121,RA1,3,2,-4.65849901007463,-25.8055662452932,-2.50623062568213,-4.61471339492875,-25.6812673408951,-2.18198904557291,0.0444797005892025,-24.3338004914562,-0.412905438693966,3.13527137991239,33.4297974376068,-4.1952227960905,0.222369982272423,0.0805837580433455,612,66.9623997388186,0
122,RA1,4,5,-7.69858953709821,-23.794988483583,-2.71464260176452,-7.57774070141926,-23.7156685310632,-2.39588892877032,-2.23102704508792,-19.9795376789155,-2.72930233685009,-4.70377243534927,33.3496309794462,-4.29594501328841,0.129536503009646,0.124416250556575,545,62.4246352741346,0
123,RA1,3,2,-5.85372258493689,-26.9013796627513,-2.00162626934937,-5.78976823226598,-26.7812455191773,-1.67917064709696,0.0175640120095236,-24.3124055703609,-0.438913398703182,3.09831463612565,33.4367225921967,-4.21631431682323,0.259943491305795,0.101722403769875,612,68.2806697723914,0
124,RA1,4,2,1.00919572771831,-15.9073380707977,-5.17673097201659,0.929136554194901,-15.8069595432942,-4.8511320163196,-2.43109011255042,-16.839496191912,-3.59517824080493,-4.35386738736845,33.396075868332,-4.63422608382446,-0.211095272144542,-0.226289818316498,513,55.8573424834004,0
125,RA1,3,1,0.885994152766181,-22.7472454727234,-3.37313231420534,0.818927908515964,-22.6451116515315,-3.04515243456191,1.37485644962411,-23.2278955750987,-0.429204504321683,3.40922131560471,33.3616610460413,-4.28387958749417,-0.0598639143666999,0.169438636194663,595,62.8743865908394,0
126,RA1,3,1,-0.264518231717361,-26.0878196233094,-2.29107593601009,-0.298234982423036,-25.9578321101248,-1.96786327051268,0.28401948007955,-24.5019266065827,-0.497872342360844,3.40489200189548,33.3602305789253,-4.31903815716984,-0.0559576054080675,0.204675761010993,612,63.7652230889879,0
127,RA1,4,1,-3.11742174917381,-21.9484865199412,-3.91245071463825,-3.10320642928306,-21.8661758074135,-3.57256415814683,-1.88139658973526,-20.3609320115472,-3.08032248037693,-4.62920326729881,33.4162805929447,-4.63978734787609,-0.220669484719266,0.0496763748759391,550,57.7142423280188,0
128,RA1,4,1,-3.7139142540441,-19.8168028469391,-4.40897981383247,-3.67792569722037,-19.7317706502699,-4.07137894104426,-2.51567957186413,-19.3336324232959,-3.2068794151879,-4.57962016799323,33.4301264267717,-4.72250818408784,-0.304473868824971,-2.02326475848974e-05,538,55.8993651908633,0
129,RA1,3,2,-1.92227859477698,-25.285359088223,-2.83808014037581,-1.94776248468707,-25.1714111726751,-2.50813098687284,0.0484284928065243,-24.340500255534,-0.358518318022715,3.15016755054897,33.4300497031794,-4.14234104918262,0.207897623274972,0.0275838569242756,612,64.6858294743146,0
130,RA1,4,2,-2.10491425093787,-15.8740547308869,-5.31265748165351,-2.10147122644093,-15.797304205118,-4.9711937172853,-2.79330849485429,-15.7070202801199,-3.61116729366045,-4.36052268487491,33.372100279688,-4.51721685031065,-0.0916558040003534,-0.219619285155745,501,52.0679113749396,0
131,RA1,3,3,-2.02625456423882,-29.9065134088894,-1.16566448533906,-2.0425125657018,-29.7492490136834,-0.853408841052319,0.460338207380853,-24.6474878575154,-0.250698721822433,3.66137569737591,33.3167914742526,-4.10526180628359,-0.31570054819419,-0.00957823249463297,612,67.6945081589355,0
132,RA1,3,1,2.09182413152107,-19.7626282762931,-4.06051118446898,2.01015788973716,-19.6671718977332,-3.73383289509988,3.59410072066469,-20.5086490174235,-0.426147131572696,3.44963040411963,33.3504899157148,-4.31329774007608,-0.101742512715514,0.198922518046435,560,60.5754814940244,0
133,RA1,4,1,-3.26662429084592,-17.3613753095942,-5.08276276768892,-3.23795955395943,-17.2720892210161,-4.7455590796224,-2.69845217908049,-17.0326244437198,-3.62234696994956,-4.65647849441785,33.4329202209679,-4.71043163846813,-0.293223485241848,0.0770140418679909,514,53.2254345747744,0
134,RA1,3,1,3.51319999889407,-19.5448090432644,-3.59446451932933,3.43669688224887,-19.4518718741573,-3.2658158379963,3.94611493813644,-19.5689079333772,-0.592758145756734,3.31326099621731,33.3751722475794,-4.40382991118867,0.0367102476874327,0.289656966086142,550,58.3051293768842,0
135,RA1,4,1,-5.94258318960585,-15.5872007378551,-4.86794703524824,-5.83476589390475,-15.5319361997919,-4.53958555519864,-3.2218566775234,-15.1492020157581,-3.90598557345252,-4.6783587401131,33.4282234568121,-4.68069514873305,-0.263154830972131,0.0989443769632996,494,52.957171402998,0
136,RA1,4,1,-5.77455872710156,-16.1816302402082,-4.995502437556,-5.67608605607062,-16.1048035817101,-4.66854556332936,-3.15526226758991,-15.4103632131284,-3.74774661469069,-4.64948260725375,33.4095014119646,-4.60060957747587,-0.180933230294829,0.0700021393539858,497,53.2457503844037,0
137,RA1,4,1,-6.21408389705876,-16.5588864562784,-4.71398151523971,-6.12662231289343,-16.4969326617264,-4.38079658365382,-3.00780452083571,-15.6736775764704,-3.687613015795,-4.55176836139546,33.4022040825479,-4.59802850947786,-0.176914898223464,-0.0279357990541999,500,54.160902066499,0
138,RA1,3,1,4.50279742264719,-15.1726380925721,-4.63159620048695,4.4337352139337,-15.1224342959666,-4.29217022897915,5.35273247153127,-14.4212810126176,-1.34707597300662,3.29269188261848,33.3884454711674,-4.27822678527171,0.0597035194556355,0.163773203860182,495,53.3465302708455,0
139,RA1,4,1,-5.46302656864941,-19.9553037299814,-4.019557979616,-5.38859785945189,-19.881324041768,-3.68566073048231,-2.57728809178217,-19.132434528202,-3.10012102432856,-4.5929697066238,33.405784070734,-4.60152567739494,-0.181070058700928,0.0133598664433309,536,57.3836401292186,0
140,RA1,4,1,-2.60153646630628,-21.1773263211495,-4.28565492653835,-2.58419519345996,-21.0868810613795,-3.94798802670776,-1.83815306640876,-20.3175824832651,-3.0717739085468,-4.57032084927602,33.4086130639455,-4.62257305616411,-0.202251277470624,-0.00934083985039402,550,56.9195993418496,0
141,RA1,4,1,-5.17595234908896,-15.5294360858888,-5.43779058973583,-5.07612809290057,-15.4742733337735,-5.10689455069108,-3.22660956164454,-14.9384777401392,-3.91370720124692,-4.67407476475969,33.4170390609029,-4.62855840043658,-0.209832723813319,0.0946505945099971,492,52.1556516906709,0
142,RA1,4,1,-4.6962491901811,-19.3801685071223,-4.49525830547183,-4.63479261475675,-19.3110190105897,-4.15770618139853,-2.58589249657835,-18.842216615938,-3.19692245143036,-4.53083955841216,33.4128150454815,-4.65576953897543,-0.235605709034727,-0.0489125133452489,533,56.3053126346577,0
143,RA1,3,3,2.73306637646838,-24.9877526148866,-2.40305175046636,2.65814797382058,-24.8818127488959,-2.07799179024584,1.31576162532348,-23.7168396545597,-0.17050310414945,3.72588077393305,33.304847732896,-4.06635476136542,-0.381250421517453,-0.0485722078088419,599,63.2613737485025,0
144,RA1,4,2,1.60254419719833,-13.7163741857662,-5.39833265548862,1.52006004721117,-13.6823225312975,-5.05989972294683,-3.01921393931688,-13.746705595584,-4.22600950788337,-4.41934710262213,33.4052794175472,-4.65661054748392,-0.234888470708161,-0.160660203482235,480,53.7195843316308,0
145,RA1,4,2,1.23255299324516,-12.8953022452689,-5.67889677964897,1.14289453376021,-12.8562460359629,-5.34283730104819,-3.0346468264146,-13.0890997547912,-4.4244862885702,-4.36737465061205,33.4039275592793,-4.66734983132726,-0.24512460379654,-0.212751633541131,473,52.6439842987113,0
146,RA1,4,1,-3.13416240574994,-16.6012229516935,-5.16434298683781,-3.11133804406015,-16.5308851831111,-4.82224410226742,-2.8661093079241,-16.3529167458929,-3.72208435683176,-4.58547517893361,33.4342052362754,-4.74010012375623,-0.322528117416332,0.00584818188932522,507,52.361837119555,0
147,RA1,3,3,-1.96079739724131,-28.893193760608,-1.23794105465307,-1.95538696214945,-28.7498228837722,-0.918698953940388,0.475092260655619,-24.6591661686774,-0.237145074287358,3.6815021663164,33.3129777687433,-4.09439224790195,-0.336172249553698,-0.0204720768382781,612,66.7287237530119,0
148,RA1,3,2,2.6205321869868,-16.7492534229277,-4.85002766884353,2.53728467620889,-16.697679972916,-4.51400678972563,4.75980893027499,-16.7212232591439,-0.698004127409455,3.14692601517089,33.4257688522718,-4.21546971141022,0.210113305677663,0.100875911246616,520,57.2742848680686,0
149,RA1,4,1,-3.58464794217668,-14.8026076034037,-5.67222968865346,-3.54738291263169,-14.7396191808008,-5.32996695888141,-3.12414335445019,-14.4263106813179,-4.00887636309335,-4.55742635978437,33.3995385769265,-4.58339111033075,-0.162041713129861,-0.0222648480801677,487,50.6241493725528,0
150,RA1,3,1,3.89577178845118,-22.3989817213586,-2.94095271908014,3.80848074672328,-22.3070719767254,-2.61471220523259,2.74041932333101,-21.6203075660818,-0.402204637166015,3.41768276492144,33.3594687247429,-4.28789822463303,-0.0686006271848645,0.173466252214314,574,60.5094267416903,0
151,RA1,3,1,1.75967744571989,-22.7116143338864,-3.15344099238226,1.66588151047163,-22.599749427056,-2.8353394910486,1.72397851532991,-22.7319130692116,-0.443149728993794,3.33049984894564,33.3792906984211,-4.28683497337979,0.0208072383590147,0.172400625328264,589,61.8294235782111,0
152,RA1,3,1,4.72267358539642,-13.1677771786427,-4.63733961197341,4.6383080154945,-13.1311445127743,-4.29964078401202,5.57689545925039,-12.7559098321738,-1.67871987237739,3.26523887615294,33.390947093998,-4.33242876488359,0.0870308475235509,0.218096287492265,478,51.2434156993525,0
153,RA1,3,1,3.08667451242782,-24.0753357998674,-2.59903531816348,3.00911216924294,-23.9701793818545,-2.27434129193206,1.6605363373396,-22.8096981691779,-0.456393719783523,3.33362921178031,33.3776513412334,-4.30040285052884,0.0173930226897843,0.185998817319684,590,62.0843674396488,0
154,RA1,4,1,-4.83964800175551,-20.8969157071646,-4.07373053991266,-4.79000710092121,-20.817556725853,-3.73647999054387,-2.38707653415214,-19.6006244772528,-3.07715180950651,-4.58773191014176,33.4076100145045,-4.61200374017517,-0.191700115966615,0.00811007932430495,541,57.6579500288698,0
155,RA1,4,5,-5.53004764077799,-25.1468057755333,-2.66880491018661,-5.4668990210146,-25.0407842215439,-2.34128135086355,-1.90532329100865,-20.378169193065,-2.63638507810694,-4.73007881156896,33.3343927775425,-4.21426586210646,0.212605838308174,0.150782848705245,550,62.1373245666802,0
156,RA1,3,3,-0.0158328824510943,-27.8797120904349,-1.83109347116706,-0.0603023720131296,-27.7635067516553,-1.50395621597101,0.40038691418997,-24.5990917277412,-0.31916090280614,3.57708597977871,33.3319522361805,-4.16260993583095,-0.230144178798285,0.0478980305469203,612,65.2286388307394,0
157,RA1,4,1,-5.47863639293185,-19.4809453225588,-4.20731081437735,-5.40759482503505,-19.4072367952541,-3.8726167023387,-2.67269134387009,-18.8464133332974,-3.13453722441555,-4.6244393378091,33.4085096292735,-4.60415448724072,-0.184200530727756,0.0449015395502847,533,56.9855816138855,0
158,RA1,3,1,3.68186575293174,-22.9882861108277,-2.72359266784952,3.589251080708,-22.8719942955762,-2.40673507176825,2.30255949969086,-22.0367166520964,-0.518850657772989,3.31368002668856,33.3770549193874,-4.37499347698222,0.0367175044319226,0.260756102348962,580,60.933886703322,0
159,RA1,4,3,-4.09586826856454,-24.8222137763267,-3.05186207427251,-4.05938521647736,-24.7247482225848,-2.71769227799495,-1.88173861022516,-20.3584487160948,-2.89248689890632,-4.65827146803411,33.3802696278835,-4.45772488743436,-0.0350902401249713,0.078811120053007,550,60.9705339793482,0
160,RA1,3,1,-2.85652004578639,-28.6049750166917,-1.50125749674079,-2.83830319630602,-28.4708654447977,-1.1784839397052,0.251853244442231,-24.4778170408996,-0.508234128932525,3.36460766150704,33.3690262658818,-4.32384568292583,-0.0147254723794592,0.209494028269428,612,66.8924385254713,0
161,RA1,4,2,0.453401554098289,-12.6206428835026,-5.83321169458379,0.406077651137723,-12.6055843489236,-5.48675291096745,-3.12170714108941,-12.7480546595795,-4.33792689021544,-4.42531359013502,33.3708043502821,-4.48955356649038,-0.0643117959105928,-0.154680057174822,470,51.5957988820217,0
162,RA1,3,1,4.04900621017534,-18.2033825029619,-4.09045959608928,3.95816479416867,-18.111253128132,-3.76525194637704,4.78540769184447,-17.9631411795609,-0.613802218988674,3.46171852393002,33.3465379533713,-4.33099553441698,-0.114405034514207,0.216659854744623,532,57.1231247847217,0
163,RA1,4,2,1.06032050503422,-20.5121271082244,-3.97428492943248,0.988453460632285,-20.4239377787491,-3.64328980847806,-1.71069622902458,-20.1895929400168,-3.03193288278675,-4.39899883631855,33.3832022858633,-4.5576351154518,-0.133490058586439,-0.181055052098716,550,58.2420555314622,0
164,RA1,4,1,-3.85047666985392,-12.5630311341003,-5.81393164321079,-3.78933214490211,-12.5279827419375,-5.47110084343454,-3.45860875019572,-12.4117193188556,-4.60571731054222,-4.68790061946434,33.4325223460684,-4.69811988295772,-0.281090395454163,0.108508100082598,466,48.030601557644,0
165,RA1,4,5,-5.85641652456023,-24.522390940407,-2.90750316812708,-5.79739046232568,-24.4264537699616,-2.57612425614865,-1.87744437325024,-20.3498622172351,-2.60695725231762,-4.6957581314544,33.3248583058878,-4.17997737083837,0.248119322342732,0.116383599899076,550,61.8770176931678,0
166,RA1,3,1,-1.31677385840132,-27.3958957825082,-2.05943508902232,-1.3419847471215,-27.2720470189326,-1.73305203975241,0.26743155466067,-24.4860776941106,-0.551725806263052,3.37502958032652,33.3635499068215,-4.3692752023743,-0.0260997449096914,0.255025051343422,612,65.1194090997626,0
167,RA1,3,1,4.23255664198702,-12.4085587405506,-4.91931271223107,4.1566200787532,-12.3734996506453,-4.57945318451521,5.66546654456863,-12.1532839842882,-1.85104375292938,3.35754522436355,33.361727118009,-4.45360666469436,-0.00945012482654583,0.339544936285491,472,50.9840483919522,0
168,RA1,4,2,-1.02944322862939,-14.1554816493103,-5.91355227615435,-1.04689992718306,-14.1201697595658,-5.56577600594852,-3.02509086891838,-13.9148927663498,-4.05034765596192,-4.44627111697651,33.3787806540035,-4.52080658949385,-0.0965353836205886,-0.133674553269422,482,51.3610413473605,0
169,RA1,3,1,2.48179169630633,-21.9140560188961,-3.34986894072457,2.39513163396621,-21.8119086982435,-3.02651780267385,2.34955931348795,-21.9471400093941,-0.496868884400095,3.29898834319928,33.3818577130837,-4.3534890036319,0.0521072283834084,0.239203581340727,579,60.9523739798569,0
170,RA1,4,1,-1.89986106017502,-20.5038411708213,-4.3814260981372,-1.89090770029844,-20.4036499222758,-4.04619252126606,-1.88787123152487,-20.3671706996728,-3.06485925005846,-4.64056807727563,33.4142144439255,-4.62612990191666,-0.206878082672623,0.0610672017687246,550,56.5093178860294,0
171,RA1,3,1,3.43015599668608,-21.3034592275225,-3.3044166632931,3.35365599793992,-21.2103348921861,-2.97582024158404,3.19668464712573,-21.0892239303279,-0.44471603105381,3.44711954940561,33.3488901367127,-4.34491862133381,-0.0996471348178615,0.230614050152535,567,59.8146448259747,0
172,RA1,3,1,2.59335536944568,-21.1379074932568,-3.4975598940841,2.50002424047301,-21.0395333593671,-3.17489624545579,2.821323728482,-21.4276742955328,-0.533714183688996,3.34680453486711,33.3667900133681,-4.41525902837387,0.00214369635211782,0.301111619461138,572,60.4711174488052,0
173,RA1,4,2,-2.03976773977453,-15.1243758726666,-5.83502233313289,-2.02876975417098,-15.0415695192851,-5.49513683454208,-3.021706459228,-14.6231620869895,-3.95780123790373,-4.46149365237413,33.3909048004094,-4.57382055720017,-0.150908295323439,-0.11841716964953,489,51.3484062674272,0
174,RA1,3,1,1.39924049813973,-24.6446333495694,-2.91976425487516,1.31353235121495,-24.5304085077337,-2.60022270975415,0.575030011840934,-24.1080938161276,-0.454257324389764,3.39887267781831,33.3631558741227,-4.29626505127867,-0.0494407399828747,0.181851772943649,607,63.530057312567,0
175,RA1,4,2,-0.992303951509662,-15.948548038684,-5.38806659689022,-1.01235245956036,-15.8776981572335,-5.045899456996,-2.57777095415527,-16.3435013947265,-3.61311271049104,-4.32934949174107,33.3886233928337,-4.60666051224057,-0.182588348179307,-0.250863841589775,508,53.5175701437002,0
176,RA1,3,3,-0.738412093268112,-29.2714062033129,-1.37673671568007,-0.753701017119295,-29.117144795634,-1.06293794750469,0.444176041777273,-24.6304911005327,-0.325248569143742,3.62814345475363,33.3194719084652,-4.17594573941753,-0.282697282676015,0.0612636304516125,612,66.6011317017599,0
177,RA1,4,2,1.06977260621695,-17.3063494043425,-4.87656662375783,1.01961285040281,-17.2490895386067,-4.53494503973161,-2.36011362572512,-17.3848579727969,-3.51396972996056,-4.4001778100081,33.3977057253132,-4.62669315780348,-0.204054614831158,-0.179873379441079,518,56.2308215957654,0
178,RA1,4,1,-5.73881863379335,-17.2166891293637,-4.73798519762687,-5.66478470518437,-17.1452852131699,-4.40344004646352,-2.93331105647289,-16.1488905250902,-3.58783681125743,-4.60776021858891,33.4036166473447,-4.58624874340101,-0.165672666070828,0.0281842376201343,505,54.3195820565877,0
179,RA1,4,2,1.72486634160139,-17.2202556444842,-4.98962398650681,1.66847710226854,-17.1691815813951,-4.64799305440752,-2.37517976871851,-17.3704391015875,-3.42608786368595,-4.42448014823965,33.3815361047009,-4.54121769549242,-0.117078732475624,-0.155515407028869,518,57.000417332343,0
180,RA1,3,1,3.82362070315924,-16.9048866425838,-4.23034254002588,3.74434902524221,-16.836042032493,-3.89646169190539,5.02621958198138,-16.7258829637268,-0.906709823688485,3.36994050091615,33.359823010217,-4.44042892684861,-0.0219597871788542,0.326337755289482,519,55.8623465896914,0
181,RA1,3,1,3.52722507327419,-20.4204967659763,-3.56428069226655,3.44891323808793,-20.3276205816447,-3.23604103766375,3.66419387253443,-20.3153573790354,-0.403055477139623,3.41950465764035,33.3598601462911,-4.27617281149462,-0.0702910259442366,0.161714640869121,558,59.248415258985,0
182,RA1,3,3,0.861778403266126,-27.4786378504474,-1.72906118215586,0.817324326706206,-27.3580159131601,-1.40352442029589,0.481492150525671,-24.6559625167912,-0.348705854599833,3.66823080505469,33.3083782838033,-4.20529646508161,-0.324244969756482,0.0906799347329204,612,64.7642808726255,0
183,RA1,4,2,-0.234497313684966,-16.0533031934102,-5.31755808933846,-0.251651292851121,-15.9845014090892,-4.97481612302413,-2.5159504996378,-16.7549948950491,-3.5956885747654,-4.40822442537311,33.3996292617436,-4.63323892485985,-0.210855369961733,-0.171808343344342,512,54.6703599079872,0
184,RA1,3,1,3.10230142096594,-18.4691947946037,-4.20030740608713,3.01088923469584,-18.3676072898228,-3.87809041231784,4.38072864406936,-18.9911358020744,-0.482059919249333,3.436591250916,33.3558642652499,-4.27800062840157,-0.0878382134427135,0.163546541685504,543,58.7897891855263,0
185,RA1,4,5,-7.45241482256821,-25.6529323483985,-2.2034974001551,-7.35245306668022,-25.5394722549908,-1.88784814138246,-1.95651811677325,-20.2889897143287,-2.67008042507944,-4.69837159371538,33.3379802610086,-4.24194520909788,0.184777650617694,0.119003045034222,549,64.0132261066339,0
186,RA1,3,1,4.93778283962734,-12.7328468849376,-4.83567938224817,4.85019091521761,-12.7053091826505,-4.49793786905954,5.78961521535194,-12.4524924422014,-1.7537108387794,3.46936633766908,33.3406939829151,-4.39094851539211,-0.123154964463336,0.276746789259298,475,51.0054558679654,0
187,RA1,3,2,-6.88084601825098,-26.5901421627102,-2.11811265474244,-6.80148379788842,-26.4737325465778,-1.79772158237769,0.0379952500505682,-24.3298073031216,-0.402679862541883,3.12945741770026,33.4318794025655,-4.18406845501573,0.228500245799678,0.0694044947137714,612,69.259441003134,0
188,RA1,4,2,2.02595284716685,-18.4305605003021,-4.41863914439895,1.9401630565865,-18.3327208774676,-4.09372758714715,-1.72956611643935,-20.2084685670988,-3.03296930212807,-4.42510302177165,33.3860309756297,-4.562534720525,-0.138864453545722,-0.154891107582281,550,60.0456243505271,0
189,RA1,4,1,-0.369281607699593,-21.4014391662776,-4.20913661020817,-0.409425404072237,-21.310197257936,-3.87363193099344,-1.83620368179122,-20.3166370208149,-3.13845427368861,-4.55745777827163,33.4211419658188,-4.68682671845087,-0.267709264602808,-0.0222333576680662,550,57.4018506689222,0
190,RA1,4,1,-3.44893781829424,-24.2590426812481,-3.50775733795391,-3.43311621326463,-24.166778530035,-3.17050816713919,-1.85396237556954,-20.3340675934024,-3.11725464754169,-4.58540022769584,33.4195471644929,-4.66993600078955,-0.25084922795568,0.00577305906926994,550,60.1152254219442,0
191,RA1,3,2,-2.8525293188443,-24.6991915300915,-3.18678324989855,-2.86700612833887,-24.5876047955165,-2.85536384392817,-0.052935814822414,-24.2600478325305,-0.454749822387261,3.01130985865628,33.4561727821977,-4.22008385467183,0.349095483017449,0.105500363934249,612,65.3939867250693,0
192,RA1,4,2,1.50734551039107,-18.0908831313254,-4.75328080976509,1.45345638731716,-18.031635788892,-4.41256727198166,-2.31062810796309,-17.5894321230713,-3.38291742491257,-4.36229750752078,33.3763955186297,-4.5371964450263,-0.112091528694912,-0.217840399493267,520,56.8775025540828,0
193,RA1,3,3,-0.757043278099502,-28.622904492565,-1.56488886943244,-0.776638420765456,-28.491184250431,-1.24121340203327,0.432524299823269,-24.6293531290871,-0.221134170947305,3.63375941613059,33.3253631685953,-4.07149182607163,-0.286872936865582,-0.0434236653080415,612,66.050577215877,0
194,RA1,3,2,-4.63225568494644,-28.2361265933789,-1.66708887799924,-4.62038746526059,-28.081966693388,-1.3530922687878,-0.00154098479359797,-24.3045662943742,-0.353033022172394,3.09163006144229,33.4442548367934,-4.12856196086311,0.268126968923827,0.0137739818511851,612,67.8191219957158,0
195,RA1,3,1,-1.83544891925618,-26.1569341923809,-2.43345633440439,-1.85291179965026,-26.0340639412795,-2.10619810425176,0.276025258192024,-24.4916713189488,-0.560995164079525,3.38353697736345,33.3608981184821,-4.37984182850592,-0.0349827787897693,0.265615286592522,612,64.7402437103419,0
196,RA1,4,2,-0.138255441806166,-14.9530048146598,-5.69382562968314,-0.172946110376695,-14.8913579853808,-5.3510484047192,-2.91648788946673,-14.6398342081209,-4.03473225609681,-4.35083717328374,33.3979775853338,-4.64433586018173,-0.221380310632424,-0.229326969325388,489,52.7849285618748,0
197,RA1,4,1,-4.25993535001219,-15.1520940560016,-5.50180940891831,-4.20336527441917,-15.0997231052029,-5.16040479550508,-3.07671061388573,-14.7524417204273,-4.03491214361975,-4.51138868415206,33.4171192744644,-4.68282183341902,-0.262966608575974,-0.0684079155615633,490,51.2429880958874,0
198,RA1,3,1,3.90616625603823,-13.8562220833449,-4.87844403116955,3.82640128967488,-13.8126732930338,-4.54044839065995,5.52758708475637,-13.6321293975239,-1.4729902236828,3.30956809114589,33.3861519247424,-4.25592678209903,0.0427376099209586,0.141423375569416,487,52.9552041176682,0
199,RA1,4,1,-6.34814079292928,-21.5793533451224,-3.61566014554991,-6.2495379321094,-21.5068711607326,-3.2877519132894,-2.4146408802357,-19.6191673994054,-3.1678056056593,-4.60606535600997,33.4282015397086,-4.70453275047059,-0.286484545014484,0.0264854950733473,541,59.4636441048692,0
200,RA1,4,3,-6.44728643801739,-20.9985018509942,-3.49706650101669,-6.35088861250485,-20.9414755900187,-3.16547116812492,-2.47562917017581,-19.4036929905241,-2.87552911100495,-4.61769815841999,33.3665700556429,-4.40556294456025,0.0187706996451804,0.0381449279015962,539,59.0545834946398,0
201,RA1,4,3,-7.12474122465998,-18.9373322018407,-3.74880625451302,-7.00587853244873,-18.8570932388064,-3.42953619764662,-2.68178692057626,-18.6047308130693,-2.9220438844777,-4.6385130276826,33.3587191175886,-4.36107579565603,0.0639233042009516,0.059007447648936,531,58.3885497490629,0
202,RA1,3,2,2.71006937195891,-15.4068531002959,-4.90110877955814,2.60872079571558,-15.3318692855277,-4.57460319979532,5.16457535418138,-14.6567500115211,-1.16153389525744,3.17027826074615,33.4239929973895,-4.16423004493478,0.186945751847711,0.0495217594765779,498,55.0449136192325,0
203,RA1,4,1,-4.04676375586782,-13.4202988204231,-5.71332608762036,-3.96551268533616,-13.3901987922252,-5.37422101269528,-3.34149265283386,-12.9482689343883,-4.53566823227017,-4.64344994545651,33.4389245740925,-4.74349785096394,-0.326818851086375,0.0639556672726036,471,48.8338775922451,0
204,RA1,4,1,-5.78327533339682,-13.2136682463903,-5.37493301345603,-5.7070908222462,-13.1645465693356,-5.03687535401895,-3.24327648562927,-12.5923075515691,-4.51382286948768,-4.50771362002838,33.4047697832055,-4.62490446106657,-0.203747776722715,-0.0720913928337786,468,50.1406672090544,0
205,RA1,4,2,-1.66768608278484,-19.2865550330869,-4.77980667525664,-1.66611573095754,-19.2067498801349,-4.4390301039413,-2.1844683686115,-19.4952495154338,-3.04387715216799,-4.36789643046068,33.3790080440455,-4.54785201921344,-0.123056147217714,-0.212228659206851,541,56.0241272834868,0
206,RA1,4,1,-3.8255428590244,-19.1939672210855,-4.65205489397738,-3.7878995101858,-19.1120768517998,-4.31385828591268,-2.65867854696292,-18.8436717174308,-3.13029852011435,-4.61087192254134,33.4063682806356,-4.59839415584072,-0.178124097557331,0.0313030650476097,533,55.524857959763,0
207,RA1,4,2,-0.177019898982982,-13.4773359001324,-5.86032227058297,-0.209923823319781,-13.4523487158953,-5.51276943663231,-3.09065113592417,-13.3665496807266,-4.28006598971571,-4.46231812506175,33.4006967756506,-4.62043555458819,-0.198540612554337,-0.117590809536019,476,51.6009719680699,0
208,RA1,4,5,-6.82884842828614,-25.7396847640287,-2.41300784723063,-6.74852533797785,-25.6197445408094,-2.09416220429751,-1.89384135235093,-20.3670989554037,-2.66335950450536,-4.70999292782947,33.3379708979649,-4.23805155287609,0.1885909938873,0.130650983312715,550,63.6498085344907,0
209,RA1,4,1,-6.48593508857323,-19.839965283545,-4.06958968796598,-6.38717205527651,-19.760341797694,-3.74339041795613,-2.68836626650422,-18.9630975277807,-3.21113647869751,-4.64772442090003,33.4294172606877,-4.69655723311524,-0.278925982494632,0.068239928068328,534,58.2059795200249,0
210,RA1,4,1,-4.54782894707644,-16.1409006794296,-5.17994587686478,-4.48434269685952,-16.059778954742,-4.84544810136081,-3.05263289832708,-15.5250792608972,-3.86243983918807,-4.54985130058833,33.4300162017164,-4.73183941000382,-0.313585503060015,-0.0298572484969487,498,52.2824478744795,0
211,RA1,4,5,-7.28462330434567,-24.4336684200984,-2.48385520375479,-7.17508110889667,-24.3407350949058,-2.16469395221434,-2.05804493946377,-20.1063053359752,-2.64355955966335,-4.657910999673,33.3279610006407,-4.20736880074824,0.220672075373649,0.0784498264889191,547,62.7187051182734,0
212,RA1,4,1,-6.76358602618013,-17.2990032180378,-4.26938273862637,-6.64871177670369,-17.237098324844,-3.944618684264,-2.91592647580049,-16.0627192986149,-3.74458073018761,-4.54492343505438,33.4274713776313,-4.72128577319806,-0.302734509168429,-0.0347963951577943,504,55.3259146958526,0
213,RA1,4,5,-6.76509425990119,-24.8293153971237,-2.71946622792201,-6.68599565773112,-24.7113670372352,-2.39957312775516,-1.96923789138692,-20.3016915520641,-2.70149050790735,-4.7109601840527,33.3457485890259,-4.27497403173009,0.150858280832401,0.131620453829361,549,62.740603785163,0
214,RA1,3,1,-1.11840731543727,-24.8807317895351,-3.06015242020082,-1.13912459427207,-24.7722131650171,-2.72804625872472,0.287308421635433,-24.5049360243111,-0.489083443786835,3.41045906535548,33.3595250769187,-4.31093701273731,-0.0615429730792677,0.196556516111175,612,64.3957109660578,0
215,RA1,4,1,-2.62066495262578,-13.9863549007304,-5.88339773087994,-2.61088603655452,-13.9601311500615,-5.53451854304936,-3.1196677147079,-13.6476731108888,-4.19808354177187,-4.51685830859244,33.4033888924298,-4.61526358958138,-0.194028211653084,-0.0629257697715337,479,49.8972708858355,0
216,RA1,4,1,-4.76211918306626,-16.8551907496504,-5.02035755069715,-4.67389122622086,-16.7659735266509,-4.69362200816902,-2.93794719332794,-16.071019006801,-3.75520872987627,-4.56655402741637,33.4317721770016,-4.73471604246665,-0.316760355084061,-0.0131162849151846,504,53.1652073268506,0
217,RA1,4,2,0.710058152013434,-19.0285189529434,-4.50570204156084,0.661988445599045,-18.9338756744486,-4.17218749441037,-1.70866310283123,-20.1873274410893,-3.01641251020621,-4.39853175635325,33.3799395149391,-4.54216630118729,-0.117680919177645,-0.181523201327834,550,58.5089969266888,0
218,RA1,3,2,-1.75380470205576,-24.8499142716114,-3.02204750537613,-1.78234469359979,-24.7415061531022,-2.69048582374817,0.02990002057151,-24.329346195847,-0.325665038005207,3.13423591153953,33.4360898074328,-4.10689030366359,0.224770019225673,-0.00794609654679265,612,64.6600079524019,0
219,RA1,3,1,4.9087850528029,-17.7231489034507,-3.82842613880767,4.80518089265253,-17.6354665537872,-3.5058149431603,4.9297177882206,-17.3048562245326,-0.768252600126555,3.44615521068804,33.3456591074915,-4.39521744460733,-0.0994204463141618,0.281025256585365,525,55.8620650343783,0
220,RA1,4,3,-5.55785199925837,-22.8014675904503,-3.37527526273346,-5.48216518820653,-22.70388676954,-3.04778558347122,-2.1224681701233,-20.0313367717872,-2.87408536692102,-4.62453845924055,33.3720912265544,-4.42973519657984,-0.00601975464286595,0.0450008878956876,546,59.9003684582226,0
221,RA1,3,1,5.17396065184046,-14.851524826684,-4.51924270736312,5.08161029023678,-14.8082902895499,-4.18442606274928,5.53097700730143,-14.2828294275964,-1.53352967245042,3.4157109720775,33.349799888458,-4.43539819217883,-0.0688136640798416,0.321295780399366,493,52.6784221128372,0
222,RA1,4,2,-0.544541527207155,-19.9978659095706,-4.34785824243612,-0.572863151779463,-19.9145708505125,-4.00909605635554,-1.71735931822648,-20.1962775524754,-3.03359512077597,-4.40801908929267,33.3844499600049,-4.56062211764231,-0.13666903902078,-0.172014149490853,550,56.9100717383458,0
223,RA1,4,2,-1.20069194061351,-12.5122202916789,-5.99034133352616,-1.21640224719888,-12.4499449466335,-5.64628469913805,-3.18289545073934,-12.4562087090883,-4.41295174063828,-4.44284048418475,33.3737763053415,-4.49797986341683,-0.0731676926408459,-0.137113039644766,467,49.6343970490118,0
224,RA1,3,1,2.97049613691535,-23.6623567480903,-2.58066270246977,2.89353318405053,-23.5545220747708,-2.25670531774701,1.78228995205601,-22.6491105569247,-0.50668056824642,3.30994484668791,33.3797162976457,-4.34852397708626,0.0409483598215674,0.234227461387071,588,61.5517432751705,0
225,RA1,4,2,0.307474636577357,-15.3718922794144,-5.41300148626496,0.277605861579314,-15.3202708375225,-5.06812022696385,-2.6619015449626,-16.0600715646667,-3.5746261351063,-4.32788564225638,33.373801418678,-4.53617154004896,-0.110557963644734,-0.252331042195083,505,54.6232371335998,0
226,RA1,3,1,-0.348558600532481,-24.3995642455135,-2.99796003422919,-0.367070381207693,-24.2828159115775,-2.66852545726528,0.302492729566514,-24.5120153741294,-0.545284648959489,3.41803027001612,33.353840903926,-4.36881293952411,-0.0701828833534704,0.254561755654766,612,63.9519760967784,0
227,RA1,3,1,-0.30669462885662,-23.556964518526,-3.37818286692523,-0.323133748068643,-23.4403243259358,-3.04860006878179,0.418257788877186,-24.2289841461978,-0.569372404471133,3.33807681251763,33.3700202686645,-4.3969851897026,0.0113694103744817,0.28279695137102,609,64.1788419114669,0
228,RA1,3,1,5.21097120258679,-16.2721590273232,-4.2346069110155,5.08583369142363,-16.1982958960843,-3.91619704756357,5.21443535324542,-15.1028119487461,-1.16189966161929,3.27473849388032,33.38940080529,-4.323598063902,0.0774243451554477,0.209245855987958,502,53.8550609501258,0
229,RA1,4,1,-3.66866971178054,-16.2620793226823,-5.57128759513768,-3.63718905677158,-16.1901788232353,-5.23020214171071,-3.09277701808436,-15.6893793548765,-3.6734131957844,-4.63908542471721,33.407367855435,-4.59383662153112,-0.173867150305304,0.0595811550447028,500,52.2810210086265,0
230,RA1,3,1,1.019431204919,-25.1307225454102,-2.87491569830243,0.944064885428678,-25.0147544660901,-2.55340158902372,0.29995530440845,-24.5115438206769,-0.525788869135835,3.41865799658159,33.3550441713292,-4.34919395823203,-0.0705292646987477,0.234898939478353,612,63.8781092404056,0
231,RA1,3,3,1.42104066352,-27.5963684427135,-1.71359083519415,1.36247392441213,-27.4749609999679,-1.39058902418337,0.385167696424123,-24.589628392233,-0.296456227262363,3.56319779360603,33.3368061974071,-4.1377053389634,-0.215526793724585,0.0229377890917726,612,65.1020591496144,0
232,RA1,3,1,5.5633036106546,-13.0822975852233,-4.52848271422338,5.42094815559381,-13.0509060321496,-4.21028545651984,5.75181931639058,-12.7705852193332,-1.76630469227672,3.42619012811925,33.3473993769193,-4.43578791682281,-0.0795642216244066,0.321686375808982,478,50.8489704743996,0
233,RA1,3,1,0.0252739315558677,-25.5177764132051,-2.60920526287847,-0.00911467527458402,-25.3956074316353,-2.2830271464107,0.249712548341766,-24.4779718493566,-0.483938136439087,3.36660759127794,33.3702382265209,-4.29956743692216,-0.0164082296808822,0.185161537140105,612,63.6482857112284,0
234,RA1,3,2,2.19507056733459,-14.2099722175954,-5.22328140120899,2.10614294938379,-14.1853462760777,-4.8856641004527,5.28405125051094,-14.0858523245043,-1.36068337983571,3.16783087507961,33.4216264618773,-4.2068218086018,0.188809831748705,0.0922086863432548,492,54.9500843398677,0
235,RA1,4,3,-7.25104605346825,-21.4937095396019,-3.20831718285572,-7.12491318082842,-21.4066442557275,-2.89365842358866,-2.46968883554062,-19.4024901178374,-2.89492371002455,-4.60887963352747,33.3697259211171,-4.4235951125175,0.000474194326786165,0.0293062151817825,539,60.0505737129483,0
236,RA1,4,1,-5.43725545422715,-21.9259082636529,-3.78106394665827,-5.37392568786129,-21.843622524924,-3.44682092445154,-2.24263542192324,-19.8707098388831,-3.07559777374393,-4.59753796770728,33.4103332512115,-4.621796102388,-0.201842384381952,0.017938585428443,544,59.0859157321247,0
237,RA1,4,5,-5.05438568446126,-24.8701996186686,-3.06058825606038,-4.99877930432509,-24.771902322014,-2.72930956378066,-1.90589060350875,-20.378504556981,-2.62098314402128,-4.73321283358011,33.3315151432855,-4.19944860820688,0.227698444778478,0.153924045283104,550,61.5326141614207,0
238,RA1,4,3,-7.5989813459345,-20.2950621676765,-3.36912743839819,-7.47744548215064,-20.2234391346876,-3.04881637870812,-2.58849741357423,-19.011188379719,-2.92477085283268,-4.5993043604716,33.3678126215543,-4.41760463372497,0.00672929518952232,0.0197090219112337,535,59.6131831138404,0
239,RA1,3,1,3.48897887844518,-21.8625756259683,-3.08704965783697,3.41988028131539,-21.7716291947695,-2.75621113147269,2.88357355709542,-21.478428611844,-0.420005914313702,3.44074155026575,33.3524885822428,-4.31351465006871,-0.0926317399578028,0.19913991268321,572,60.1665442744372,0
240,RA1,4,2,0.389310591344496,-13.1754904812319,-5.96318507135754,0.348461338450454,-13.1566020122128,-5.61609061119415,-3.12602221700074,-13.0567724641504,-4.28773099932363,-4.46839585358983,33.3833145825993,-4.53518952486891,-0.111541434970831,-0.111499167554679,473,51.9372003356754,0
241,RA1,4,1,-6.84523216737005,-18.4057397323213,-4.10766102579633,-6.73200154424711,-18.3278505713057,-3.78577268400143,-2.70578809942431,-18.4520794391159,-3.20392644773988,-4.63545416892687,33.4091769812902,-4.60370208950087,-0.183894111623411,0.0559415863941478,529,57.9566892353952,0
242,RA1,3,1,3.00472024522392,-19.1899754052804,-3.93557007988112,2.92340686260654,-19.0924401522919,-3.60941826211553,3.96339002544618,-19.4586010772861,-0.521419129780578,3.28981534275411,33.3860189977898,-4.3231100707891,0.0619729074036441,0.208756772547209,549,58.8407865422989,0
243,RA1,4,1,-4.04161270798006,-22.3407100923622,-3.69258337932617,-4.00954587746855,-22.2531639384856,-3.35522987138183,-1.92789606551822,-20.2684662533384,-3.14210621164137,-4.5873628345237,33.4246751670001,-4.69384102242916,-0.275297721028193,0.00774015879908234,549,58.6507578993081,0
244,RA1,3,1,5.16768363982978,-15.6774023768213,-4.3000523859855,5.04843769474682,-15.6144288084486,-3.97707446991742,5.40827200542569,-14.7196423661845,-1.21210264769909,3.40682093704863,33.3648998760025,-4.24458096352764,-0.0568073032313235,0.130052206923143,498,53.3852995657387,0
245,RA1,3,2,2.17221599386221,-18.9942328278505,-4.21502224312268,2.08689867701279,-18.8860797955736,-3.89327097730556,3.72456327124964,-19.552756067307,-0.325453867319635,3.15193765576877,33.4312721617015,-4.11866885737491,0.206441330903742,0.00385877410381628,551,59.8260031232956,0
246,RA1,4,1,-2.04355281287597,-21.4449144633214,-4.04160867254866,-2.03308902954211,-21.3550912345849,-3.70349286869193,-1.85343045699632,-20.3340527413141,-3.15161451120677,-4.57942970231443,33.4260690681602,-4.70314294265809,-0.284688152556677,-0.000211134350354709,550,56.6989340678644,0
247,RA1,3,2,3.95541323076308,-12.884831422218,-4.91618945399767,3.88139227080567,-12.8516145282107,-4.57572281034591,5.25721020451702,-12.5476651469519,-1.58757176090682,2.9658585747428,33.4685179164738,-4.19020166139806,0.396151055037376,0.0755514045799051,476,51.6760458208408,0
248,RA1,3,1,-0.36271633042512,-26.9863244843394,-2.07602652918454,-0.402569334581045,-26.8587955213877,-1.75253294088916,0.236215267341293,-24.4646529293583,-0.533764472049672,3.34118376874496,33.372788460044,-4.34635802894124,0.00895079432156726,0.232056673842639,612,64.3966119101976,0
249,RA1,3,2,-4.25727145395142,-25.6753898563336,-2.78828655948033,-4.22969393656793,-25.5506011506314,-2.46245338212703,0.0513857894005453,-24.3398516886054,-0.398255965656755,3.14624813449627,33.4282205983371,-4.18195846246232,0.21131609315609,0.067289787783088,612,66.6944179792398,0
250,RA1,4,1,-1.39358466348943,-21.6590544727702,-4.06169690404306,-1.38925760139259,-21.5663441330733,-3.72422680248309,-1.84781437428149,-20.3271901862436,-3.06854512469131,-4.58425834639282,33.4093396481868,-4.62143634116883,-0.20128710132905,0.00462856371199915,550,56.9715384719156,0
251,RA1,3,3,-2.78974707915513,-30.8642791885533,-0.41688896914996,-2.8114247452831,-30.7310919396445,-0.0939474333894728,0.440575119911152,-24.6304212579345,-0.289069778525231,3.63062892017638,33.321392958329,-4.13972408241587,-0.284696921221958,0.0249610430427506,612,69.0506702819191,0
252,RA1,4,1,-3.45776163850008,-13.3907686439902,-5.7397483298009,-3.41099557988528,-13.3627846039457,-5.39401746733065,-3.21320495297699,-12.890697182199,-4.4084300403755,-4.52409335986029,33.4009347626443,-4.60111604818608,-0.179677750337475,-0.0556741556468348,471,48.7007418301066,0
253,RA1,4,2,-1.74793936699211,-14.5620896923512,-5.81466307456915,-1.75489650650744,-14.50719027804,-5.4690655448933,-2.89092585711705,-14.2283266884821,-4.09992086195058,-4.3156555982546,33.3898394522195,-4.61701873501411,-0.192976419373066,-0.264589083851696,485,50.8698578399558,0
254,RA1,4,5,-7.5417401610732,-24.7621633082644,-2.26176120330034,-7.4289303701942,-24.6631319020154,-1.94558604352624,-2.09414876072631,-20.1372211944528,-2.70569529175499,-4.69465781009695,33.3445056731198,-4.27442154978921,0.151653180991085,0.115280759628562,547,63.2079454114248,0
255,RA1,3,3,-3.06160889008199,-30.1125941176749,-1.02073016737238,-3.06151437232048,-29.983714330758,-0.695322743378025,0.434508299657027,-24.6289408892772,-0.24746864762668,3.63119080225902,33.324144199661,-4.09775067594161,-0.28463709577774,-0.0171061450295715,612,68.461709024095,0
256,RA1,3,2,-5.21595351931042,-27.9040417039461,-1.70596129305825,-5.1921829674214,-27.7560910385285,-1.38966149624296,0.00939981967239104,-24.3074045326117,-0.425661886573456,3.09106526141001,33.4393533292347,-4.2018992976529,0.267594937370089,0.0872751769793544,612,68.1241625227742,0
257,RA1,3,1,0.222882226115727,-24.7494134709696,-2.87477618964089,0.178736196567987,-24.6320680934301,-2.54800227629212,0.254387924320074,-24.4820597783408,-0.474143969654411,3.37401565720304,33.3691676214796,-4.29070908656676,-0.0238697704007856,0.176283394484713,612,63.7455143520429,0
258,RA1,3,2,-6.77002462599236,-27.6384859552926,-1.62887869417361,-6.69129513828263,-27.5194139292556,-1.30931098557276,-0.0485187513606478,-24.2673247580869,-0.396999721232727,3.02739425637108,33.4563775567175,-4.16396978784286,0.333453765574282,0.0492609208896518,612,69.3302978096611,0
259,RA1,4,1,-2.66631435686027,-22.80665098371,-3.77844737400651,-2.66076049910542,-22.7038785177047,-3.44392237509728,-1.84042464506622,-20.320551992914,-3.11825623774715,-4.56640678585421,33.4178528051411,-4.66811306357748,-0.248718414999094,-0.013263863550407,550,58.2408004938179,0
260,RA1,4,2,0.78296861522811,-16.640712525346,-5.09300619591517,0.716298951278647,-16.5511871806528,-4.7612828645584,-2.36161841952798,-17.1456823311825,-3.44324590009056,-4.38205268098999,33.3743016905592,-4.52062769011504,-0.0954446409547505,-0.198040001450225,516,55.7722273907334,0
261,RA1,4,1,-4.27656284198219,-23.3576901232784,-3.51446195402546,-4.23729229064503,-23.2579816877269,-3.18127124035303,-1.86086842250907,-20.3405400128235,-3.08866359907555,-4.59936374789556,33.4150210010247,-4.64363832602965,-0.224181642474645,0.0197685452879882,550,59.7426107968415,0
262,RA1,3,2,-2.78980211649905,-26.0214973699062,-2.89019221107229,-2.79872351701433,-25.8897438405628,-2.56606042287744,-0.0433630158916938,-24.2674890630314,-0.447886611275872,3.02400670410505,33.4536499348872,-4.21493221274003,0.33615500714292,0.100337211637822,612,65.4383803818754,0
263,RA1,4,1,-5.27313950045681,-13.5965355756225,-5.29974497110088,-5.20123297027645,-13.5498116938023,-4.96041278903576,-3.36148659001101,-13.0155734259385,-4.39169000665856,-4.68568592171086,33.4183230387801,-4.63086116913396,-0.212349342000286,0.106288332327473,472,49.9184491710151,0
264,RA1,4,2,-0.0665715706994308,-19.4786746812784,-4.50676508441561,-0.0997079102461453,-19.39430784591,-4.16870559247466,-1.72637657577816,-20.2055007585341,-3.04760097614303,-4.41843679235678,33.3883953070063,-4.57606388399935,-0.152591238744577,-0.161572597677337,550,57.6355391993699,0
265,RA1,3,2,-4.5182772006816,-27.5369897810332,-1.91195889788461,-4.49990367034901,-27.3909424948601,-1.59441739888867,-0.00363959079374726,-24.2971223657565,-0.437087250959752,3.07338141914885,33.4427376968375,-4.21096108062933,0.28558951617784,0.0963572067872958,612,67.3175370508587,0
266,RA1,3,1,5.05278357532245,-18.4896717587512,-3.78429109265859,4.93508212947981,-18.4048458183359,-3.46577746739396,4.61972633755446,-18.02300129215,-0.553996703013305,3.32304381871251,33.3823852858036,-4.26633888117994,0.0287627106373439,0.151858738506483,533,56.842525609339,0
267,RA1,4,1,-5.96711324567173,-14.6756217576676,-5.30823327469571,-5.86987107785407,-14.6227185983333,-4.97620132362688,-3.09184064158902,-14.3493074942215,-4.14899724837359,-4.51311682580974,33.4207483713432,-4.69962712289391,-0.280158886181258,-0.0666758177518367,486,52.3352736651771,0
268,RA1,4,1,-5.84859684563114,-19.3748551271123,-4.13316508260421,-5.76724418626338,-19.2970990047911,-3.8017503420519,-2.67385290673332,-18.8642820402717,-3.2571948128181,-4.61237349668186,33.432929415739,-4.72508262051342,-0.307566944574937,0.0328080766699907,533,57.3741778768538,0
269,RA1,3,2,3.05983822547191,-14.6368365458103,-4.97736098811482,2.96624556388065,-14.580214259769,-4.64489395152364,5.04018736702523,-14.2369409145107,-1.30952879777253,2.96860989772259,33.4689729054532,-4.17447934732694,0.393568235689945,0.059793961986638,494,54.1815078885032,0
270,RA1,4,2,-0.613878727443958,-12.0465523074167,-6.05527456426514,-0.675514323277872,-11.9975369521905,-5.71424883462258,-3.25678626241367,-12.2640430112764,-4.48752293262742,-4.48423248690526,33.3879847386561,-4.55230730519153,-0.129252424844541,-0.0956262801919868,465,50.076606586758,0
271,RA1,3,2,3.15147401269329,-13.8010271232456,-5.16486479077395,3.07038437746085,-13.7681627063298,-4.82597778724822,5.17837485793498,-13.6690691261492,-1.46329448994289,2.9828402237906,33.4624308844504,-4.22286841604255,0.378244226828781,0.108291146878037,488,53.6059382393864,0
272,RA1,3,2,-5.59969981986106,-27.6324803090004,-1.90449291760572,-5.54250185443763,-27.5053346414252,-1.58345962966151,-0.0116126263330785,-24.2980209019807,-0.342024393914115,3.08168675926943,33.4473663172219,-4.11603521138624,0.278511985621833,0.00121924373381404,612,68.3234816957686,0
273,RA1,4,2,0.0957074077215007,-18.3494777589283,-4.76553049137195,0.0631001770364396,-18.2699193351433,-4.42625593336339,-2.39062778783014,-17.699849714585,-3.39836544057748,-4.42923825784275,33.3906454780889,-4.58326134612301,-0.160096699276532,-0.150746404913009,521,55.590604217236,0
274,RA1,3,1,0.425743448233227,-23.5394198987192,-3.14883478792011,0.375584092317068,-23.4317581360517,-2.81960389041289,0.792518757099375,-23.903885606413,-0.532110119025631,3.41963381650723,33.352391429035,-4.38465193238348,-0.0720670349521607,0.270436137732845,604,63.3530490674933,0
275,RA1,3,1,-2.43096800459166,-27.8032329939801,-1.93818983672143,-2.42105404148221,-27.6609380150845,-1.6185746738825,0.257898614821079,-24.4825037999296,-0.504077327671313,3.37259267649298,33.3674285993636,-4.32076701319373,-0.0228661480766812,0.206408479835029,612,66.0344542830511,0
276,RA1,3,2,2.34364975819648,-15.0101895307224,-5.2052480311477,2.25013656376804,-14.9489031418477,-4.87358666618868,5.13918411952051,-14.426771362952,-1.13706343085851,3.1151907334093,33.4431554684863,-4.06676959711467,0.244905593026163,-0.048156445187961,496,55.3153890638769,0
277,RA1,3,1,4.23389513839442,-21.1589178256993,-3.17122184988116,4.15057763243594,-21.069625771235,-2.84322013919904,3.42227682372597,-20.5224312621627,-0.504766745554486,3.30388982729814,33.3791667121165,-4.37653804827374,0.0467323434189816,0.262304124691429,561,59.1230969323176,0
278,RA1,3,2,-7.66396067554544,-26.4268693055701,-1.57146066087847,-7.55193061457148,-26.3111421256464,-1.26072526658763,-0.0650901498811828,-24.2554574427934,-0.394477937936799,3.00811308972585,33.4611060334593,-4.15870842559582,0.353303149475902,0.043987803128807,612,69.7519820651706,0
279,RA1,4,2,0.5703106746664,-22.2857842823133,-3.72621718617378,0.512365632433059,-22.1805715400255,-3.39747313536699,-1.70419805197748,-20.1834243482006,-3.05362060055729,-4.38665378439708,33.3864600642992,-4.57732322111851,-0.153428364957146,-0.193428364957146,550,58.4144121820506,0
280,RA1,4,2,1.50316042363155,-21.1724992568492,-3.95359409393492,1.43557247461015,-21.0953576059425,-3.61895841914445,-1.6957199888689,-20.1749250263779,-3.05191296979174,-4.37511447204943,33.3849507392904,-4.57391760268555,-0.149786120184963,-0.204994093700688,550,58.785422547207,0
281,RA1,4,3,-5.67233776702162,-23.7322953634139,-3.34639963031062,-5.60383430695289,-23.646060428341,-3.01417860157886,-1.96113307560358,-20.2963755094431,-2.86852485433246,-4.67444186455521,33.3767037096568,-4.43529438003779,-0.0124044545023238,0.0950185346895191,549,61.0329274286267,0
282,RA1,3,2,-4.95959078453244,-30.552376530712,-0.777157010192738,-4.91693529568576,-30.4155747820089,-0.457836182774552,-0.0151952603036373,-24.2926777359247,-0.380925066089265,3.07012835078788,33.4473993450813,-4.1537320161299,0.289792086475491,0.0390002748218956,612,69.718473087195,0
283,RA1,4,3,-7.37364286744562,-18.2689906350459,-3.96063847856647,-7.22944169078479,-18.2035902762954,-3.6485025887285,-2.65418223941992,-18.4041247828078,-2.97478269601085,-4.60832552645549,33.3586883644975,-4.37092621202021,0.0542871976657193,0.0287508396189783,529,58.4744842703809,0
284,RA1,4,1,-2.05286403873466,-17.1978501249849,-5.20143138116616,-2.05216366699036,-17.1192092412817,-4.86038135420561,-2.62987362226957,-17.1042570027274,-3.49591030669019,-4.6261603771513,33.405870487529,-4.59094719465494,-0.170732640408587,0.0466265187855394,515,53.5122520522836,0
285,RA1,4,2,-1.67661603519227,-16.6095641406562,-5.42978965674754,-1.68785804722791,-16.5282624074013,-5.0895490869515,-2.43563564810157,-16.7243820902108,-3.55988574392635,-4.32884738854341,33.3844800798858,-4.5869868956436,-0.162483197680214,-0.251367094228273,512,53.3631612103637,0
286,RA1,4,3,-5.01817736600987,-23.4506341435568,-3.31157437457796,-4.95622390616705,-23.3575410934012,-2.97991875073564,-1.86538841867344,-20.3423175356324,-2.90648097240015,-4.63338610942363,33.3806774761727,-4.46791951476631,-0.0451529505016788,0.0538687925811938,550,60.3789403741283,0
287,RA1,4,1,-4.49974627750846,-21.2304023001678,-3.91787007242755,-4.45772932308621,-21.1567158066186,-3.5783043553572,-2.34222791646741,-19.8131854640938,-3.12112841124951,-4.64331130077883,33.4237535129615,-4.67089841595164,-0.252651210084141,0.063816705202297,543,57.6651205488038,0
288,RA1,4,1,-3.08747293741853,-12.7670570418849,-5.98853513334342,-3.06940396922426,-12.7357672124999,-5.64040518782673,-3.30414178351781,-12.4841044141448,-4.47805309592634,-4.55848904320273,33.3976423331043,-4.57395916026178,-0.152421305325022,-0.0211997319114814,467,48.377096735525,0
289,RA1,4,1,-0.284023415697698,-21.9852653041029,-3.94209126983412,-0.327214826306631,-21.8859059458691,-3.60928168466418,-1.87881029663202,-20.359207996515,-3.13756321956506,-4.61689067934618,33.4269086179225,-4.69475650855397,-0.27665045153504,0.0373356003045565,550,57.8177326676555,0
290,RA1,4,2,-2.63871280934637,-13.2849183686249,-5.85038078054085,-2.62624197068981,-13.262854789274,-5.50129959134637,-3.08330317121116,-12.8948237718373,-4.48376001509141,-4.38849636001348,33.4050304465907,-4.66563570212375,-0.243672133925145,-0.191581571220507,471,48.7928649404059,0
291,RA1,4,2,-0.564697385985002,-17.6684810146466,-5.04290930053347,-0.596748035639332,-17.5962733736167,-4.70194183517404,-2.31522946101035,-17.4774260027437,-3.40063684838344,-4.37015947983608,33.3757554245016,-4.53152763362037,-0.106411579823782,-0.209960429140746,519,54.6750678108891,0
292,RA1,4,1,-7.00254152234602,-16.5423123453973,-4.52213397118079,-6.88139670885214,-16.4900720986182,-4.19795054967379,-3.15194786297207,-15.6241938126706,-3.78399056721979,-4.67140742629659,33.4292692635795,-4.68800508378037,-0.270524184548268,0.0919771498365183,499,54.7787784972173,0
293,RA1,3,3,-1.79618722058626,-30.8292022079145,-0.549647072057629,-1.82759494507876,-30.6932051377112,-0.228682351662521,0.43757179965321,-24.629608760434,-0.269606794335921,3.6306951416623,33.3227265635854,-4.12005926738882,-0.284466876932414,0.00525229072459751,612,68.5774779674519,0
294,RA1,3,2,2.6986568919351,-13.8641084795603,-5.05864549714121,2.61733378201188,-13.8385530828545,-4.71918493464297,5.34865466764985,-13.7930241659928,-1.39794756678203,3.17359979041586,33.4212353834573,-4.19346913571175,0.183097064566059,0.0788261794438352,489,54.1074876064936,0
295,RA1,4,1,-6.96480815635698,-20.2414797047302,-3.67217897747633,-6.86997468366701,-20.1756448673591,-3.34176652818623,-2.56185433511317,-19.0363216622197,-3.20127220536804,-4.54095211964367,33.4196959107544,-4.68536884672806,-0.265986567724369,-0.038776801910949,535,59.0449865911334,0
296,RA1,4,1,-5.64990881224141,-17.8566171642087,-4.3699118923421,-5.58218959345888,-17.7827314761618,-4.03456876581448,-2.68814169323347,-18.0652404086846,-3.32801027710451,-4.66369305280997,33.4168795111049,-4.63123268631076,-0.212417917287156,0.0842451162036126,525,56.338299717006,0
297,RA1,4,2,-0.862917737465964,-18.7600361573266,-5.06091955061369,-0.897218773484149,-18.6721428144989,-4.723876231121,-2.35331918327587,-18.0145970092653,-3.31955959383892,-4.34634181171008,33.3842815607777,-4.58024239717076,-0.155840548199247,-0.233832621915312,524,55.1856488615693,0
298,RA1,4,5,-6.46721609101912,-23.8055414333469,-2.92627455805406,-6.39006209721,-23.7330766996646,-2.59266382139881,-2.09999709867833,-20.1402407604161,-2.59762879876052,-4.71845673445573,33.3244941162247,-4.17071602180961,0.25725953856983,0.139134165726701,547,61.5313754507545,0
299,RA1,4,1,-4.04314099996001,-15.7046906968316,-5.51440475741606,-4.00296312303543,-15.6326418086688,-5.17426552721711,-3.21142559499543,-15.1567249561907,-3.93412452650806,-4.66579259492647,33.433167557157,-4.70853128821841,-0.291413829178655,0.0863494647014708,494,51.5679786357729,0
300,RA1,4,1,-1.55188451889821,-23.3166781998423,-3.51882503283863,-1.56920095014948,-23.194740218909,-3.19121051848581,-1.84694538967816,-20.3270062145222,-3.11405958367403,-4.57612076873758,33.4179559156807,-4.6653896655107,-0.246073608782236,-0.00352764291058942,550,58.5496290041689,0
301,RA1,4,1,-1.46279569564084,-21.2187943434806,-4.18515464416675,-1.45913338965547,-21.1273596648137,-3.84732882062457,-1.832957913879,-20.3125188906824,-3.08034068869627,-4.56178652644375,33.409533618661,-4.62980750255556,-0.209521131666961,-0.0178946998997719,550,56.6327287653101,0
302,RA1,3,1,3.56914453897204,-17.4756202819496,-4.22564811428387,3.47992694492035,-17.3956996671356,-3.89678200742672,4.90624611195726,-17.302710105774,-0.799066311126755,3.41973142304042,33.3497167745056,-4.42333023498283,-0.0727531331751524,0.309200859647007,525,56.6441770031603,0
303,RA1,3,2,-3.75686719012736,-26.3508167755354,-2.62138338245491,-3.74582149770798,-26.2161767233731,-2.29850562070489,-0.0486833516556439,-24.2642942040589,-0.438339949367574,3.01945321144767,33.4553871483493,-4.20464145746685,0.340979781964539,0.0900234636281546,612,66.2350454274434,0
304,RA1,3,2,-3.79191547406463,-27.2907532261651,-2.15044945792057,-3.78020948538855,-27.1467396190209,-1.83166575258662,-0.0239572356473659,-24.2894360838862,-0.336516467428062,3.06800348840759,33.450979742135,-4.10854274891171,0.292655450754331,-0.00628995922388356,612,66.6278342571912,0
305,RA1,4,1,-2.92705826774597,-14.5893238539648,-5.6133210684841,-2.90125978079782,-14.5286134493927,-5.26959343670586,-3.19469925326266,-14.3258273611747,-4.01947017045354,-4.62559417207182,33.4029997424546,-4.57738839209124,-0.156873317382239,0.0460590175198486,486,50.3936972978454,0
306,RA1,3,2,2.14466274995849,-12.9256466886871,-5.37022475072504,2.05251542558922,-12.8900876760391,-5.0344503811983,5.24987487590221,-12.4487002002094,-1.54559294624647,2.96595644006549,33.4720732887652,-4.13803543682545,0.396841085818371,0.0232686244947435,475,53.3131313512997,0
307,RA1,4,2,-0.244066428178573,-20.5836227566374,-4.29272260038252,-0.289612911528028,-20.4919024269558,-3.9580393187899,-1.70182658119608,-20.1807569498344,-3.03386290066669,-4.38636082017626,33.38233670533,-4.55767588859081,-0.133353022588226,-0.193721999846951,550,57.0500040367585,0
308,RA1,4,1,-1.62989247174594,-20.0156187976952,-4.57584721695615,-1.63020489288837,-19.920325494428,-4.23906971066236,-1.97495408734295,-20.3133085310907,-3.11355425421356,-4.65598940942442,33.4256280110408,-4.67567548168149,-0.25771059091109,0.0765238372356851,549,56.7488212618945,0
309,RA1,4,1,-5.90617360795339,-12.3958157549346,-5.3573174329958,-5.8046829362128,-12.3683540531912,-5.02348289540719,-3.47055878155345,-12.0819576369059,-4.52132222011888,-4.66936388170376,33.4097740784083,-4.59533081994255,-0.175821691018905,0.0899289270547777,463,49.4021113260644,0
310,RA1,4,1,-0.284659445066973,-22.7998131863288,-3.66753298432599,-0.319431895676722,-22.6843848929492,-3.33894937888279,-1.83919901033228,-20.3191734883265,-3.10804981280602,-4.56625463752364,33.4157226809575,-4.65796353219296,-0.23834776843038,-0.0134163601868768,550,58.409596942207,0
311,RA1,3,1,3.22720504241856,-17.0725942887621,-4.54680672383731,3.1443577799937,-17.0161986333459,-4.21146233196698,4.89987299018745,-16.9697998891708,-0.67970163553947,3.34414135963482,33.3787131302839,-4.25019776634042,0.00737520437771642,0.135681559414117,522,56.9354552538248,0
312,RA1,3,3,1.5283090776177,-26.2547790224628,-2.00344807528852,1.46004439324078,-26.1295069536506,-1.68384388000564,0.437095210211953,-24.635975636332,-0.174266079741251,3.6479885266741,33.325251728119,-4.02611684627604,-0.300775071101543,-0.0889000268706772,612,64.1766671164146,0
313,RA1,3,2,3.19318631934599,-15.8002493155717,-4.82962456606731,3.10010610533651,-15.7355164305766,-4.49849660385307,5.13493295141959,-14.7646662170311,-1.1707326231448,3.15538056238355,33.4243445818458,-4.20831174687462,0.201553007622465,0.0937019535999199,499,54.7863311755566,0
314,RA1,3,1,-2.41958201888838,-27.0780314607429,-2.18641417224319,-2.42299192064083,-26.9403049638428,-1.86466926611156,0.260618891760417,-24.4808371618965,-0.555826771268605,3.3661403900754,33.3653649843297,-4.37217024261141,-0.0170292038461421,0.257926559997619,612,65.5859869362167,0
315,RA1,4,1,-7.10856443049493,-19.7670598158213,-3.75608963835106,-7.00583040671644,-19.6954420315559,-3.42926152858203,-2.63268214054503,-18.9403025375828,-3.11966490812274,-4.60168452596443,33.4060689945058,-4.6000037856056,-0.179638552655546,0.0220946362030992,534,58.9117662881441,0
316,RA1,3,1,4.6726035988594,-19.4882368921159,-3.50890748699879,4.57764927539031,-19.3941626456731,-3.18543613956482,4.28622730706123,-19.1757610405857,-0.606466696386754,3.42305910645345,33.3499283535527,-4.40925345640851,-0.0759518471203278,0.295092629186812,545,57.6713333879132,0
317,RA1,4,2,0.39427377391761,-16.0630325795046,-5.30963535721879,0.343741841526311,-15.9693560952315,-4.97621184259656,-2.50368135725318,-16.8538269392897,-3.49872625606805,-4.44069050918921,33.3844776710262,-4.54993449572615,-0.126212785326659,-0.139267936475243,513,55.3939565648521,0
318,RA1,4,1,-3.99991431983833,-20.4371876050071,-4.21453754533666,-3.9622356029172,-20.348110693604,-3.87816629486175,-2.35955943023267,-19.5873327749389,-3.09350931568428,-4.55506946059977,33.4077735167317,-4.6236039998193,-0.203088823284302,-0.0246271428013477,541,56.6676944867509,0
319,RA1,4,1,-6.4759439922484,-14.7636376975942,-4.78975631390943,-6.34843284780261,-14.7115952158932,-4.46799166678279,-3.25707041668352,-14.5492028856874,-4.06285581872016,-4.6864478274683,33.4265335968854,-4.6699244046583,-0.25226609253394,0.107051982279319,488,52.8038110889129,0
320,RA1,3,1,-3.59952497563005,-29.8681429645237,-0.956116192433426,-3.58235616092945,-29.7395465329741,-0.631049753694386,0.253961822575713,-24.4784258652309,-0.521353622094331,3.36466329426855,33.3681036360285,-4.33711532982331,-0.0149835643588075,0.222793323670473,612,68.4471381153921,0
321,RA1,3,2,-3.33437275142395,-27.5036711161453,-2.17143700959631,-3.32795583519576,-27.3525839231367,-1.85579245745749,-0.0451808831105641,-24.2725969151007,-0.356580899890512,3.03894531259631,33.4564515088729,-4.12473732992996,0.322204470083443,0.00994080550723261,612,66.3710371275588,0
322,RA1,4,2,-2.28456015429398,-15.5769056959318,-5.57866910945374,-2.26935289708787,-15.5009207794278,-5.23735542412579,-2.98101482701491,-15.0949511189989,-3.79010739790738,-4.44735906587075,33.3834524706258,-4.54281687771459,-0.119035899895593,-0.132584113785813,494,51.5897761113589,0
323,RA1,3,1,5.45905005747032,-12.252831284322,-4.64053971846487,5.31632800174554,-12.2392283077775,-4.32125086203731,5.76429335959378,-12.0333789685234,-1.69821417711151,3.47655910558982,33.3450810196883,-4.30322023868765,-0.129200786455989,0.188822500396781,471,50.3157353696108,0
324,RA1,4,2,0.506118516828399,-19.8077708707186,-4.20393261764101,0.439506904098306,-19.7054360779178,-3.87592273481442,-1.71097848611824,-20.1905973914288,-3.07995938202183,-4.39208110506715,33.3924612258595,-4.60426182716261,-0.181024875927756,-0.187988619781427,550,57.8223037494806,0
325,RA1,3,2,-7.09661152242312,-26.6947501017535,-1.93132224663971,-7.0140709703264,-26.578526938552,-1.61166738026819,-0.0346181987684209,-24.2819531482216,-0.332739342136771,3.05600291970781,33.4540757757118,-4.10303656481843,0.305043486989987,-0.0118084458388514,612,69.3949414775126,0
326,RA1,3,2,-6.19755161609892,-28.865122529428,-1.05294545338146,-6.14383542542232,-28.7250110768497,-0.73674401170923,-0.00242464465032594,-24.3031382579823,-0.364192089994253,3.08848612979106,33.4442237559367,-4.13939984188685,0.271186348482585,0.0246360780598956,612,69.4672557309325,0
327,RA1,3,1,0.524324536832282,-24.2601860812061,-3.00507256432293,0.46369968883655,-24.1410710992348,-2.68159729652727,0.406777914761145,-24.3441611312386,-0.559038191050509,3.3992712793062,33.3565888954016,-4.3907054022728,-0.05128031534807,0.276503132949938,610,63.6434013602503,0
328,RA1,4,2,1.39035398307387,-15.3130125567786,-5.4170571944125,1.30037748956722,-15.2429909490583,-5.08614753140987,-2.49036525781869,-16.5208773617341,-3.56160241491958,-4.31403833076144,33.3799799270287,-4.57034284283128,-0.145270684298347,-0.266210053677987,510,56.1188019323578,0
329,RA1,3,1,4.56205462683487,-17.2690632835743,-4.07520864971883,4.46735188518855,-17.1804957788087,-3.75011299022111,5.0511069090604,-16.919940426505,-0.746541203875986,3.46323617882536,33.3470578196625,-4.31840211653249,-0.115770336146867,0.204038299261743,521,55.8195843551964,0
330,RA1,4,1,-6.35101373233668,-13.5901173399389,-5.21410427832942,-6.24628426268223,-13.548802304293,-4.88270601940902,-3.26025440316467,-12.9406541582785,-4.54943140959094,-4.56105727396004,33.4345340680501,-4.74976157308769,-0.332052756438709,-0.0186256218263214,471,51.1132589963366,0
331,RA1,3,2,-5.66170095832795,-28.6515107584152,-1.28037698790214,-5.62486553346285,-28.5050598730482,-0.964631378826998,-0.0128151731363573,-24.2961612685723,-0.356021191110079,3.07763107368268,33.4473538447234,-4.12961335359462,0.282464701073433,0.0148277237198946,612,68.8855426369929,0
332,RA1,4,5,-7.72204940070578,-22.9556107311897,-2.65211441640058,-7.59256704704512,-22.9004773567827,-2.33165438594905,-2.33028249023239,-19.7877243488185,-2.59133421366364,-4.70438655941473,33.3200687955332,-4.15418558898774,0.274345533691478,0.125031780506888,543,61.7054923073469,0
333,RA1,4,3,-7.71857730226029,-21.778896319668,-3.19357339935311,-7.58239032692483,-21.697207737562,-2.88167584677777,-2.47596386542935,-19.4074536456672,-2.92961179498741,-4.61118720065508,33.3771408381048,-4.45833658610499,-0.0350494115309604,0.0316190649124578,539,60.6669136515179,0
334,RA1,4,1,-2.13275399351506,-18.5261295467679,-4.75950392519308,-2.10879603855117,-18.4448096009057,-4.41992612438903,-2.69426377136419,-18.0724306604953,-3.35814394203935,-4.66649193874584,33.4234950309997,-4.66198359618649,-0.243871814560691,0.0870504094951996,525,54.309544650909,0
335,RA1,4,1,-6.15997886721796,-20.3887014898995,-3.9221293689958,-6.06549987895727,-20.3179204588127,-3.59263920766237,-2.51714112234535,-19.2272904355831,-3.19336909839081,-4.54909067183866,33.4227596927172,-4.69734413557733,-0.278335279959148,-0.0306196185176346,537,58.3937924859192,0
336,RA1,4,2,1.27357984140022,-19.675927713788,-4.34119111143459,1.19477408156755,-19.5738282580386,-4.01582154716516,-1.6838633936279,-20.1632374763756,-3.06274088440716,-4.3569649747828,33.3853770156402,-4.58196964889297,-0.157755264088513,-0.223185139743417,550,58.604266428599,0
337,RA1,4,3,-6.60983122548642,-22.9437508494995,-3.2783746839788,-6.52229043051856,-22.864665835414,-2.94885659682199,-2.23644838893172,-19.9871824976365,-2.8900339995225,-4.68668631007259,33.381225616298,-4.45289196245601,-0.0305548077230358,0.10729101083043,545,60.8808288212782,0
338,RA2,3,2,-4.73937483587571,-29.0412553903063,0.0224061808323599,-3.99894532300918,-28.4435000300375,-0.284925343333603,-0.0254416084662266,-24.2834825166118,-0.405745332675183,3.05326447089486,33.4496614777831,-4.17644935868733,0.306739031871218,0.0617683749629327,612,67.7994783768069,90
339,RA2,3,2,2.65947319696551,-16.6764644479014,-3.01926582882363,3.60846456728234,-16.868555408768,-2.76923294735094,4.67243112939238,-16.8811364314204,-0.544607220383088,3.12690711350212,33.4391893949813,-4.08590104238031,0.232602507844826,-0.0289822543445719,522,55.9063493295771,90
340,RA2,3,2,-3.47231557438605,-28.1060825094437,-0.0296248235631023,-2.75255412788012,-27.4781850865739,-0.325746903923803,0.0217117715173123,-24.3179356709655,-0.403191453748252,3.109951176392,33.4364507509199,-4.1818417145724,0.248534428935424,0.0671727790421991,612,66.2563238494473,90
341,RA2,3,3,0.414950652862094,-26.9655908601891,-0.152827941484537,0.369743736085769,-26.0308510468721,-0.505273421063667,0.472609968040846,-24.6595759144795,-0.20570236690666,3.68443379562528,33.3144651249974,-4.06302081445296,-0.338702842073067,-0.0519136037919234,612,63.7343757547426,90
342,RA2,4,2,-0.345449503589829,-15.9858234892523,-4.02766936984552,-1.27210003720702,-16.3605298922161,-3.99743858876225,-2.5472278206362,-16.7597844239924,-3.52631544187074,-4.4493357235908,33.3892386905832,-4.56986906488075,-0.14669965347985,-0.130602930997776,512,53.7173784697331,90
343,RA2,3,1,4.07256584381574,-20.7582500957664,-1.69413322191105,4.7393594018138,-21.3332599411067,-1.22005513891836,3.59581425549391,-20.3997982406823,-0.547552714462056,3.38094885039261,33.3585919015161,-4.42201893256193,-0.0329681092566394,0.307886627370117,559,58.7953246138291,90
344,RA2,4,5,-3.15059955508865,-17.4036273060774,-3.16803787007575,-2.16070279736632,-17.3059372424649,-3.2708048906719,-2.65350534724598,-17.3481157188326,-3.17866285576341,-4.72732108048446,33.3572643609038,-4.32469783996898,0.0998304145655417,0.148018804478863,518,53.3210350028622,90
345,RA2,4,2,-1.11199606248279,-17.0658809009343,-3.41760457258243,-2.10039930838267,-17.2177325149079,-3.41793748125135,-2.40696382861736,-17.2684804287697,-3.46396979601671,-4.4420509365672,33.3873747872045,-4.56335653887474,-0.139943628017807,-0.137904394735915,517,53.0205373527633,90
346,RA2,4,5,-4.22321746166105,-22.8310503931559,-1.9017825585796,-3.56228371910546,-22.1370669644832,-2.18735844810655,-1.8935333063817,-20.3679352372415,-2.73943200880913,-4.69798450628834,33.3525315392821,-4.31175098100955,0.113471375965568,0.118615071466447,550,58.7607781476118,90
347,RA2,4,3,-5.49090075270971,-13.0899243162677,-4.49189412159915,-4.51968195273087,-12.977626047759,-4.70194921308138,-3.44508070659143,-12.7793057075671,-4.28001146308325,-4.75372253344267,33.3877554398722,-4.46195802186854,-0.040764280900407,0.174480697020692,470,49.2919535686062,90
348,RA2,3,2,3.66872754074586,-13.6335481353449,-3.59560687524598,4.63626355392414,-13.7149552367333,-3.35634353278285,5.24249932501905,-13.5880139903555,-1.51009954079506,3.02586646567289,33.4500483848313,-4.26130557474249,0.333545519854678,0.146814186102585,487,51.8853240591014,90
349,RA2,4,5,-6.24309872319084,-24.7148671310166,-1.12274479597049,-5.58659876053204,-24.07601200142,-1.52383321816324,-1.88697846112305,-20.3593899673784,-2.60686671696161,-4.70904086966312,33.3261696073751,-4.18185737219422,0.246010957726688,0.129696745645137,550,61.8933241815482,90
350,RA2,4,3,-4.55596424189671,-16.21103606527,-3.7502169233864,-3.62342398533766,-16.0160008155133,-4.054075313511,-3.00844300734747,-15.7258331840625,-3.44160356402493,-4.59489409041093,33.3585734065428,-4.37482404782991,0.0504951776495359,0.0152886556302363,501,52.064357479548,90
351,RA2,4,1,-2.22619545126783,-20.9544133971526,-3.11105954388786,-1.66304822925175,-20.1637844604693,-3.3514157187922,-1.82463178154618,-20.3046878918743,-3.11297182312237,-4.54523163976396,33.4146374490981,-4.65972951114085,-0.23985460232497,-0.0344874848899082,550,56.3955355439657,90
352,RA2,3,2,-4.39121532527549,-25.0259298318453,-1.94999748019389,-3.3995625132408,-25.0585042178709,-2.07475167755311,-0.0291431151329137,-24.2876584980194,-0.308229907414129,3.06712107585554,33.4531490698694,-4.07982519330119,0.29399532234994,-0.0350716787535007,612,66.1224954915362,90
353,RA2,3,1,3.33533571887818,-20.0462153664971,-2.53852903171471,4.09651028823378,-20.5996082055802,-2.20034322388434,3.6481530299793,-20.0869977234124,-0.496628468482196,3.29019576499096,33.3846535247375,-4.34176426673501,0.0613002153491843,0.227452647747987,556,58.6940360085977,90
354,RA2,4,2,-1.11829589162872,-14.4546190803053,-4.53101320255774,-2.11308782973681,-14.5212405115863,-4.6081532360632,-2.87827379657516,-14.4135776650854,-3.98268178571733,-4.31491108837824,33.3738410232956,-4.54065817282176,-0.114957943063795,-0.265335298098915,487,50.7942116701897,90
355,RA2,3,1,4.6904911620901,-15.2028591809405,-2.64989742480073,5.59801926919372,-15.0001491595808,-2.28206406299504,5.32329807356108,-14.8692882682254,-1.36619374303647,3.32804104536647,33.3696204139121,-4.43596469608646,0.0210688583763614,0.321863550052291,499,52.0507019266004,90
356,RA2,3,3,0.31477319385011,-27.656849755479,-0.165086176116898,0.322024014423086,-26.712576385378,-0.494168579352281,0.414587767419497,-24.607646379788,-0.344258404477943,3.58931196349346,33.3273249600017,-4.18969950082611,-0.24309035301902,0.0750481220256095,612,64.4020070221882,90
357,RA2,4,4,-0.575931248686883,-20.2510249506278,-2.48755177278345,-1.56989875116547,-20.2367189035433,-2.596289719395,-1.73366261405791,-20.2080529402318,-2.73311276596355,-4.47644822228481,33.3290386758385,-4.27262707235442,0.156571635042854,-0.103428364957146,550,56.0476844000463,90
358,RA2,3,2,-6.07687521624231,-28.8999487491712,-0.14895267582573,-5.26669136273736,-28.4510593288318,-0.525914758570374,0.00994032393124881,-24.3100097885558,-0.394241942690548,3.09759589122114,33.439989126933,-4.17105713474966,0.261366142123932,0.056364103125881,612,68.846126628027,90
359,RA2,4,1,-3.67674512265376,-18.8083363711234,-3.65184725265151,-2.68313319213202,-18.8002253633189,-3.76440631748971,-2.63637623586197,-18.6672600767117,-3.28581300017013,-4.55524623693784,33.4272854073964,-4.71697650384667,-0.298478226481992,-0.0244499617776594,531,54.7487192852099,90
360,RA2,3,1,4.63399586454475,-15.5108278182018,-2.99509535207478,5.53526661164722,-15.2567600989192,-2.64415285758897,5.28234780559904,-14.9556625891447,-1.31905265087869,3.30509469233246,33.3758806518378,-4.42047424771631,0.0448312706151307,0.306338491219836,500,52.6248879473423,90
361,RA2,3,2,-4.19626368191131,-26.4196488341709,-1.04175010049106,-3.25391755299201,-26.1368395063068,-1.2206429661506,-0.0478110791282775,-24.2719620047701,-0.33844745032384,3.03920722933796,33.4576467283561,-4.10644400094331,0.322213081521456,-0.00839339644566515,612,65.9067034417503,90
362,RA2,3,2,3.60170149924819,-13.0710977200257,-3.76894365421573,4.57927937189527,-13.0477702313513,-3.55966553499885,5.36167482274485,-12.8421263999559,-1.62603102671495,3.06311793421396,33.4407926674758,-4.27322385473561,0.295169684277585,0.158759095226807,479,51.282916690333,90
363,RA2,4,2,1.4508370126575,-18.796440612666,-3.21274930417283,0.574892637966942,-19.2737118053069,-3.28298932925194,-1.70696539387114,-20.1867853415498,-3.09318687507089,-4.38448245063917,33.394441226767,-4.61625946248449,-0.193173908545187,-0.19560466944559,550,58.5116409389015,90
364,RA2,3,2,3.68089909212197,-13.2241365166876,-3.03226111353922,4.65309910082723,-13.2799727884614,-2.80486398552768,5.42870939078399,-13.2223255819329,-1.51264328605454,3.1609414256922,33.4220718149816,-4.22308428949917,0.195627435709504,0.108507502662854,483,50.9639576807599,90
365,RA2,3,2,2.92188979013239,-12.8556114429539,-3.86945949005425,3.90013128568765,-12.8004632909861,-3.66945384586302,5.29717964400815,-12.5529373614766,-1.64085967844691,2.99932339630968,33.4570496693198,-4.24688975114981,0.360979492000547,0.132366153092383,476,51.4059607832718,90
366,RA2,4,5,-6.76664654876706,-24.7575559348771,-1.58147015438127,-6.09401622078453,-24.153564293875,-2.00897751043221,-1.98441967172656,-20.3161637730652,-2.6926347409502,-4.73304619601699,33.3461242567985,-4.26945830941802,0.156180724358786,0.153757026244583,549,62.2034178455452,90
367,RA2,4,5,-5.85866423761205,-17.4407863959809,-3.1054151216195,-4.93611735397434,-17.148736836155,-3.35763388003342,-2.90819428633077,-16.4288219909998,-3.27601879772542,-4.71542416845788,33.3562612364982,-4.32383455258806,0.100880536641782,0.136094657420543,508,54.1353639405684,90
368,RA2,4,2,-2.58744677352509,-13.2372167884554,-4.37999872841624,-3.58680458205674,-13.2387594417585,-4.34419941630559,-3.03092195016084,-13.2264943844322,-4.18727321774891,-4.40058579706385,33.369095796777,-4.48956179807769,-0.06397057909507,-0.179464458400073,475,49.1402710034646,90
369,RA2,4,5,-3.82982863124801,-22.2266149084943,-2.22327869859884,-3.12872191772324,-21.5576766738767,-2.47020179293643,-1.95599821759376,-20.4290443689953,-2.6514575764022,-4.79831073206751,33.3443483478266,-4.23933982391157,0.186026205504538,0.219170969276227,550,57.8851249688859,90
370,RA2,4,5,-4.79081279293412,-20.1378833262453,-2.67272294646606,-3.86768769938725,-19.8241781912442,-2.89504962038987,-2.64150299821901,-19.3459008107646,-2.75309155813441,-4.76819046803372,33.3544154028527,-4.29752047843067,0.127016243254344,0.188981752362475,538,56.2482033444888,90
371,SA1,3,1,3.8997786386028,-13.3763836979289,-5.09075876348569,4.24147844609123,-13.3592324906417,-5.01695444348367,5.77037370687779,-12.9736051083974,-1.7106264589588,3.45449677965173,33.3427578104387,-4.40997004770966,-0.108196872898849,0.295810821575013,480,52.4406938195307,90
372,SA1,3,2,-5.35927166811772,-26.9240715575423,-2.20677087173262,-5.02929585807675,-26.8422037427605,-2.2899190869309,-0.0553155431418572,-24.2649594699561,-0.360430875132622,3.02614322288732,33.4592081003259,-4.12682824224154,0.335299230070096,0.0120363895649126,612,67.4894742069157,90
373,SA1,4,2,-0.569672145690122,-19.671429896573,-4.73525384556701,-0.82100273510667,-19.912100015273,-4.69769284466881,-1.71873059762842,-20.1982796349329,-3.07558305769637,-4.40353617792515,33.3927014499715,-4.60161836146048,-0.178486343772058,-0.176507323372971,550,57.3506934467381,90
374,SA1,4,1,-3.77635085954482,-13.0807686253994,-5.89903799723347,-3.5660508751583,-12.8071166440971,-5.95724890425584,-3.24495857735941,-12.7213705134323,-4.5827277887157,-4.51724813264562,33.4253391800073,-4.72024159405096,-0.301276502318209,-0.0625350533127934,469,48.9526809048513,90
375,SA1,3,1,3.46807973638991,-20.8379817319569,-3.46944203492769,3.67423968809681,-21.0922920482997,-3.34565052748936,3.34405882070064,-20.702523476132,-0.381221320717843,3.35364873974828,33.3756035035502,-4.26413737353421,-0.00258425221665273,0.149652312010406,563,60.1276679297875,90
376,SA1,4,3,-6.71828568242131,-22.8146248352543,-3.17986230663234,-6.44276746130134,-22.6372316061934,-3.30283121373589,-2.29732449652949,-19.9017698386817,-2.90193705166699,-4.68709035250763,33.383269049442,-4.46254295730066,-0.0404197239521656,0.107695978220494,544,60.3241759492797,90
377,SA1,4,1,0.378746000665196,-22.4375088474026,-3.80739626111294,0.120191021105111,-22.2287726162206,-3.9172985283171,-1.84578806908957,-20.3254051643076,-3.08451706675106,-4.57900702190227,33.4121233794636,-4.63650516927443,-0.216606772900933,-0.000634782384562896,550,58.3109611676348,90
378,SA1,4,1,-5.82145910094099,-20.746159604651,-3.87926450643528,-5.5077120762519,-20.6274874488447,-3.97916307466845,-2.50107739064196,-19.3271380111805,-3.19397592694246,-4.56582092018302,33.426107509339,-4.70783405186099,-0.289288052393279,-0.0138510704158658,538,57.9392628884159,90
379,SA1,4,1,-7.26786332617549,-17.7606568860392,-4.31993009543699,-6.96808255026846,-17.6614212637983,-4.47087305709813,-2.8892708870789,-16.2571435753888,-3.72748630679969,-4.57726631512819,33.4322733164289,-4.73356794781246,-0.315738952581424,-0.00237947407541338,506,55.8981671328564,90
380,SA1,3,2,-2.18566418148546,-24.6404924368341,-2.99230853564411,-1.84899698349508,-24.7166036637617,-2.9343233743278,-0.0762798088535036,-24.2506184353138,-0.347694786122054,3.00353921305844,33.4654294299823,-4.11077434951459,0.358719162399992,-0.00405337253365604,612,64.7932494140531,90
381,SA1,4,5,-7.13875336786236,-24.8988733927998,-2.26110036837471,-6.9048229429401,-24.6920544434365,-2.41922208883069,-2.0386971305855,-20.2245964229176,-2.6200610134911,-4.72295771106727,33.3298473491162,-4.19485886793255,0.232532200254164,0.143645446208747,548,62.4786498840827,90
382,SA1,3,3,1.82612385616692,-27.2987024399473,-1.61865921925183,1.67102603634443,-27.0210701309478,-1.76482681923862,0.474170708433728,-24.6501602114047,-0.355533113296345,3.65822438036775,33.3102682233868,-4.21079021760323,-0.314068261686343,0.0961859620002385,612,64.917876468484,90
383,SA1,3,2,-4.9418851103781,-30.706830607329,-0.436566739918495,-4.71803391333057,-30.4748349850357,-0.572833657463239,-0.0122187547544821,-24.2942631159232,-0.389134931546333,3.07213836764965,33.4463554991128,-4.1623136898394,0.28760112265001,0.0476011226500103,612,69.220354353746,90
384,SA1,3,2,-5.08850553690323,-28.2706231086824,-1.41860881324977,-4.78563458215713,-28.119334142934,-1.50738287260254,-0.0371426586954547,-24.2748942544404,-0.406929486472588,3.03909462197773,33.4529258991014,-4.17565313074906,0.321279947547412,0.0609703680046964,612,67.6686764840234,90
385,SA1,3,1,4.13108801555474,-18.6391817516013,-3.78548869280221,4.40645208644455,-18.8200510371143,-3.66733231328331,4.54406691643867,-18.630334105961,-0.648875575659042,3.40631790207565,33.352737307693,-4.42359206746026,-0.0590037383261328,0.309463277139341,539,57.7270654333954,90
386,SA1,4,1,-4.41132407043724,-19.4864694000233,-4.27421515605496,-4.07149670168843,-19.4345848117317,-4.33998254118674,-2.69263972606841,-18.956855660083,-3.15607111137382,-4.65810122980284,33.4189430900866,-4.64296589393894,-0.224325192067697,0.0786404921034927,534,55.9300695028561,90
387,SA1,4,1,-2.42080407042572,-20.7953875539343,-4.27551520454152,-2.09430905552027,-20.6799284852961,-4.3262124304132,-1.90891066304241,-20.2503665046227,-3.1530677080763,-4.55976063682095,33.4241836924101,-4.7006290964962,-0.281841972483494,-0.0199252272948038,549,56.7852245090254,90
388,SA1,4,2,0.794238339088141,-15.4158329626764,-5.63717315067038,0.474690144229733,-15.557240520818,-5.65699368706967,-2.52654858378373,-16.4256686883324,-3.56126523496469,-4.31626940081396,33.3784075400503,-4.5620747008748,-0.136855712175054,-0.263973876143493,509,55.3657216901736,90
389,SA1,4,1,-3.5736388784567,-22.898421548419,-3.67316706385805,-3.36452082786155,-22.6338444130848,-3.76680776213406,-1.87526245088626,-20.3548997097152,-3.08688048123166,-4.61966789601745,33.4166846658703,-4.64488019772855,-0.225737386188285,0.0401191747251285,550,58.5144496050016,90
390,SA1,3,1,3.54752320544249,-23.6629687647674,-2.33498277844455,3.25830910246626,-23.5284320458784,-2.47904899207645,2.01666369641153,-22.4541579056226,-0.427260500462574,3.3682730078445,33.3712515165162,-4.27929104949176,-0.0178086312041484,0.164839845976328,585,61.8740012417419,90
391,SA1,4,1,-3.07320138606633,-16.0830743692193,-5.47884207562453,-3.39049877121828,-15.9356381587061,-5.48805799691476,-3.13314313834872,-15.7200357777922,-3.77406242567577,-4.67113584701792,33.4315734519514,-4.6991284395254,-0.281883673489595,0.0917049488443891,500,52.4720060345333,90
392,SA1,3,1,-0.867069596876584,-27.2286392690079,-1.93567523234511,-0.677394904385228,-26.9477545362529,-2.023009520763,0.282747264190247,-24.4985841778994,-0.532208339173996,3.39694284523186,33.3597276451131,-4.35262846835987,-0.0483159814041394,0.238341123366208,612,64.6261228967933,90
393,SA1,4,2,-0.653328080304175,-17.1591423210256,-5.17118358264215,-0.990811959340249,-17.2517184023422,-5.17704025053591,-2.30712198416619,-17.2529648733252,-3.45509196604556,-4.34323494960426,33.3763537334704,-4.5433096108236,-0.118067053415764,-0.236946596411968,517,54.4842003913061,90
394,SA1,3,3,-0.0605341547703958,-29.2210267192544,-1.3051573082451,-0.0152914757112148,-28.9010784859864,-1.43964235581631,0.438886545485425,-24.6333210278213,-0.23045743949972,3.63959674819746,33.3233382355937,-4.08173735814232,-0.293013392884749,-0.0331552415435107,612,66.2416177839682,90
395,SA1,4,1,-6.40615742310714,-12.97119241578,-5.22605730497475,-6.09638309066563,-12.9170498200792,-5.37970769479267,-3.25385746960203,-12.4885801427582,-4.54773982513475,-4.50195630110435,33.4071349173089,-4.63813644998584,-0.21718382725731,-0.0778618917126827,467,50.422159813336,90
396,SA1,3,2,-5.78221727973321,-29.675688978578,-1.02119415771981,-5.5098898083169,-29.4936620643258,-1.14449845934725,-0.00243873688737127,-24.3021397500664,-0.37822723196369,3.08583993425896,33.4438757441875,-4.15321501339428,0.273690272209142,0.0384821169419396,612,69.0985821518732,90
397,SA1,3,1,1.41705881255955,-24.2675360049741,-2.65207789693514,1.37862960343975,-24.6000029994747,-2.54966259800891,0.77425188403869,-23.7574455603571,-0.495568019655472,3.31832772392265,33.3787173572579,-4.33540075800075,0.0325519277106463,0.221074920963103,603,63.3370232055072,90
398,SA1,4,2,0.789677957202226,-14.2083693949753,-5.43895013352618,0.444368173790014,-14.2242672593217,-5.4937991206548,-2.91349452977351,-14.1325363044796,-4.13973538851542,-4.33316873217536,33.3956464021842,-4.63902472412496,-0.215704779297279,-0.247035857951012,484,52.7981065705336,90
399,SA1,4,2,1.18396096987182,-15.5854203015137,-5.22251368194102,0.878265290821813,-15.7537146603422,-5.24947959740236,-2.53677703580127,-16.761531787896,-3.58860240989384,-4.43081175214958,33.4003568578781,-4.62924235355364,-0.207091939385761,-0.149169308480911,512,55.9213251423166,90
400,SA1,3,3,-0.869672895124721,-28.9206542358974,-1.34273032069384,-0.759931878121408,-28.6128620210854,-1.46811318111827,0.484232467512895,-24.6604839528115,-0.312780372337195,3.67822776281663,33.30850777475,-4.17038748250864,-0.333966298012016,0.05569295467423,612,66.0398672362909,90
401,SA1,3,2,-4.39154193259851,-26.2428415716232,-2.58953413707266,-4.04831589863418,-26.1958299071302,-2.63939186476566,-0.063924663996361,-24.2587306576493,-0.360023176689744,3.01595727078609,33.4616419926753,-4.12498329495642,0.345771203368373,0.0101873200957848,612,66.556958860915,90
402,SA1,3,1,4.84560987098208,-20.0402754492584,-3.20480650263284,5.01571688345043,-20.3088946690684,-3.05849410036374,4.03502776402508,-19.5015911512844,-0.613263229065473,3.35747581512803,33.3637186068863,-4.42479686279387,-0.00894245692242568,0.310670764359103,549,58.4903715285688,90
403,SA1,3,1,3.44140882332733,-18.886389180176,-3.95047243081041,3.70697695242427,-19.0782457987038,-3.82732777304958,4.25060516481677,-19.1499585612731,-0.461191719459558,3.40138462155322,33.3650884385,-4.25978803429804,-0.0514636587034232,0.145293255002474,545,58.7258520827866,90
404,SA1,3,1,-1.14417811351155,-24.648386569793,-3.21280811214535,-0.828508621880379,-24.7856072273387,-3.14937891385279,0.219894310191032,-24.4546884242448,-0.506804551652368,3.32677946981588,33.3780593013275,-4.31707942383766,0.0241636392574984,0.202712651261523,612,64.669392068863,90
405,SA1,3,3,-3.17982864480536,-30.3137525351226,-0.888733763861389,-2.99109894151421,-30.0404706036532,-0.999178705022029,0.464943315417149,-24.6480169517722,-0.290721070060459,3.65936718539451,33.3144913322937,-4.1454358096419,-0.314249829426252,0.0306855320375201,612,68.1229537081688,90
406,SA1,3,1,4.75248540082742,-16.3105301525513,-4.35749542883537,5.0643343759451,-16.1578877394745,-4.3133308451947,5.37009568490375,-15.2469375452634,-1.1974203302943,3.43753939499522,33.3462864582971,-4.41452844465084,-0.0908789257632243,0.300379403387657,503,54.3801907578367,90
407,SA1,4,1,-0.930261972851597,-21.2490738910199,-4.13246461826829,-1.21634130256764,-21.0574822757623,-4.19532374705806,-1.8825451701808,-20.3619397582835,-3.07099869314213,-4.63222105111825,33.4146507813011,-4.63098368422112,-0.21171856099658,0.0527010671635498,550,57.0153769809223,90
408,SA1,4,2,-1.07793422123789,-15.710804243029,-5.53048412843402,-1.41069289532543,-15.819300069095,-5.52991796081945,-2.73823498947253,-15.7949178264796,-3.63472911975579,-4.32362691449227,33.3770820927338,-4.55329120287272,-0.127986748546916,-0.256599519260995,502,53.117786418627,90
409,SA1,4,1,-6.07088598505389,-13.3827268970774,-5.34710127631715,-5.73778162859488,-13.314746377939,-5.43028863548734,-3.405385017125,-12.7379426194799,-4.55481292655066,-4.68020883779568,33.4339699444581,-4.70759899596357,-0.290665254933689,0.10079870998602,469,50.1868036427794,90
410,SA1,4,1,-3.8473496862284,-14.2257634930582,-5.81724074331351,-3.55886627318277,-14.0400787974685,-5.88651205210236,-3.15145859613601,-13.8652051278542,-4.28337030357422,-4.55042962640453,33.4323574441346,-4.74285871934882,-0.324850717723709,-0.0292775987471124,481,50.4490135020461,90
411,SA1,4,2,-0.456953932556488,-12.7496664270847,-5.86073019621581,-0.804497112993068,-12.7714359004561,-5.89594138422701,-3.03623589394363,-12.7398773676733,-4.35352731607774,-4.33848953788489,33.3663845594511,-4.4971446717152,-0.0708390658187309,-0.241702871575443,470,50.3220251829966,90
412,SA1,4,1,-2.14902614491331,-23.1068704746492,-3.51793814880766,-2.09992081798713,-22.7787201068238,-3.62932038690472,-1.84840904055644,-20.3286073117858,-3.12324880424305,-4.57675901141641,33.4199239382505,-4.67460199933308,-0.25549371175855,-0.00288793913332372,550,58.0623428917343,90
413,SA1,4,1,-7.32820151756157,-18.5374446509899,-4.09181031666509,-7.0021454686989,-18.5801926037783,-4.21164380752831,-2.60747612523484,-18.475170888183,-3.28957063345062,-4.52866862429733,33.4180373191698,-4.68149494075301,-0.261855410673199,-0.0510884172757261,529,58.3172862907121,90
414,SA1,4,1,-5.96584350020895,-15.2392160551491,-4.88108607028406,-5.63583475359908,-15.2152304618551,-4.99518654563503,-3.21843525276456,-14.8334581729302,-3.92219342843561,-4.66281376226579,33.4117554565062,-4.60698778981353,-0.187637533961603,0.0833638127416328,491,52.4889587976406,90
415,SA1,3,2,3.36419624972306,-14.8715768926271,-5.00480776929972,3.69936365123649,-14.874613955003,-4.90404274950189,5.22197996295557,-14.2522895958117,-1.21518443123841,3.15606871719422,33.431664846818,-4.099297639361,0.202499101374143,-0.0155557252144778,494,54.2521821765987,90
416,SA1,3,1,5.33731395768839,-14.9762268170214,-4.53414849729624,5.65826172605204,-14.8734808853269,-4.43961911825136,5.3794723684006,-14.228005339629,-1.43028662017228,3.27490915572373,33.3901405228845,-4.31224809758213,0.077421323928912,0.197870530325854,493,53.1645570578468,90
417,SA1,4,1,-5.18688961216839,-16.0999844237721,-5.11687310582037,-4.85787388714722,-16.0522751678385,-5.22629193229485,-3.04520828003611,-15.4275279923762,-3.87022043326036,-4.52950771185984,33.4248104085098,-4.71364941628571,-0.294715444281274,-0.0502474088301875,497,52.7955656885522,90
418,SA1,4,2,-1.97053313291763,-18.2885460058055,-4.90667293055786,-2.3137534138285,-18.220430775559,-4.89891701797892,-2.35403705923705,-17.8192181198608,-3.41110568953189,-4.37554917418412,33.3945357947051,-4.61967086837502,-0.196532603928469,-0.204558396423194,522,54.4070078243757,90
419,SA1,3,1,4.98500471820738,-12.2071303915591,-4.55384541261843,5.32227885790629,-12.1884062881495,-4.46221810969039,5.72828030947622,-11.9425201539822,-1.8373398724098,3.43613556184173,33.3453026514935,-4.43351088818947,-0.0897271303807876,0.319404259588004,470,50.3214417862314,90
420,SA1,3,2,2.76948254160684,-17.0055122687049,-4.46720265492232,3.10164043465085,-17.0659517828215,-4.37490856398516,4.57222875109527,-16.9542546262923,-0.525047670705196,3.05519004719303,33.4564131237912,-4.07163930944438,0.306352657097064,-0.0432758524117337,523,57.2483792720837,90
421,SA1,4,5,-7.62947903454285,-25.0650084102445,-2.00166359423913,-7.39280440161075,-24.8588699746588,-2.15655731102826,-2.01635329711461,-20.2047689453648,-2.62654148605449,-4.69249887423887,33.3281440422996,-4.1967902637687,0.230989794023426,0.113116881421875,548,63.0254578071858,90
422,SA1,4,2,1.54543368745902,-15.0173610836921,-5.33716046159893,1.20633470009276,-15.0346316219085,-5.42209340736729,-2.88397873467327,-14.8300811251044,-3.96108661792659,-4.32704650667727,33.3918232471778,-4.62274546224305,-0.198987749796844,-0.253172098767143,491,54.3280394489542,90
423,SA1,3,2,-2.52782386832934,-25.7084901207608,-2.85998552323553,-2.17940384247114,-25.6755891866589,-2.85540140759627,0.00865327088172162,-24.3041325579749,-0.464423531858251,3.08291359788664,33.4385914196719,-4.23993478337248,0.275376849610971,0.125395645761625,612,65.1035544629263,90
424,SA1,4,2,2.18740439989082,-17.786680173357,-4.70842467306235,1.84890374406254,-17.8072571339791,-4.7949919572717,-2.28773759233399,-17.4852651252985,-3.44032788846645,-4.33869160302653,33.3813130667961,-4.56856165432895,-0.143799641132031,-0.241500343855734,519,57.1088150209122,90
425,SA1,4,1,-0.772094604024302,-22.9411833249243,-3.61447208072998,-0.905891404260979,-22.6431952046719,-3.74017608398719,-1.84973643115979,-20.3300848282292,-3.13327631834223,-4.5770800109864,33.4220338978942,-4.68459905336122,-0.26571097884066,-0.00256620471436895,550,58.0491346309093,90
426,SA1,4,1,-5.03014161575917,-12.3123904001194,-5.76403621674955,-4.68700090316235,-12.3057551969897,-5.83266875595635,-3.3302033970633,-12.0651957814354,-4.53139501372717,-4.5280776841797,33.3993141206739,-4.59203618814909,-0.170458337532559,-0.0516807102043027,463,48.7870610015131,90
427,SA1,3,2,-6.69294422048043,-27.7967726256509,-1.75168428404539,-6.37859033650607,-27.6939035355939,-1.8661377066289,-0.0373823354767537,-24.2783790479331,-0.35496507162641,3.04854413218523,33.4542965585854,-4.12445420800288,0.312366747295823,0.00965705099802583,612,68.9481218285057,90
428,SA1,3,1,4.39300934745074,-21.9686622022332,-2.69814296338664,4.1259483357242,-21.8101022248758,-2.85950327324013,3.17285121920321,-21.0713415141817,-0.393826824821771,3.42576281754653,33.3574515956717,-4.29062206684381,-0.0769266627944032,0.176196180332741,567,60.2631234409323,90
429,SA1,4,1,-3.63002352228923,-15.3713886668375,-5.57577070960288,-3.32860198103667,-15.2043623593586,-5.63698563489793,-3.15619250022079,-14.8236846450121,-3.89758079869085,-4.60279612218408,33.4014543801031,-4.5775389470671,-0.156704779028864,0.023208777146812,491,51.54793042174,90
430,SA1,3,3,2.1713785827484,-26.0745266745193,-2.05189000885937,1.88480005705577,-25.9224252418437,-2.18318320285615,0.532119293798788,-24.6979989852374,-0.274313346481989,3.74251686470222,33.2959912102959,-4.14054648954916,-0.399432085437706,0.025785287688446,612,64.7039169804133,90
431,SA1,4,2,1.56383172118761,-19.1534639059164,-4.13531191028645,1.25698792096011,-19.3203185357358,-4.1578155715391,-1.69241458601047,-20.1711510105207,-3.02064148548203,-4.37527433863413,33.3784869355206,-4.54291327559756,-0.118115172295675,-0.204833861141061,550,58.714405520149,90
432,SA1,4,1,-4.17532087295962,-17.5045074337394,-4.95467428361319,-3.83408190409012,-17.4783572048194,-5.02796911052688,-2.59274935038563,-16.8926603074699,-3.61297666769308,-4.51914657451897,33.4157853210784,-4.67386500570061,-0.253926236772392,-0.0606322654272534,513,53.9440038651731,90
433,SA1,3,1,-2.40017585790957,-28.3530389215023,-1.54574566128608,-2.180969744114,-28.1050945239429,-1.65964147066276,0.270262753761489,-24.488868012847,-0.541323440253492,3.38035327412368,33.3630137331686,-4.35950885260765,-0.0314103472879499,0.245236880524704,612,66.0748168361201,90
434,SA1,4,2,1.52842159949583,-20.9363763268647,-3.8606024835857,1.18979015998424,-20.9113070791561,-3.94545695308278,-1.69778677905957,-20.1768575902053,-3.04306034956505,-4.37933844300109,33.383539339927,-4.56576031571295,-0.141512572212307,-0.200760453014343,550,58.430304035787,90
435,SA1,4,2,1.4162791331159,-20.0322210420003,-3.8773940630025,1.08035715323275,-20.1122078332322,-3.93447765661577,-1.68571604150293,-20.1649624292247,-3.05431508379008,-4.36082594545797,33.3840177093374,-4.57418202574213,-0.149854222534144,-0.21931533033273,550,58.2531603237286,90
436,SA1,4,2,-0.416946641351266,-14.1821378248194,-5.66023485283495,-0.764341871197896,-14.2005357859976,-5.69868051974673,-2.88434593429127,-14.0218222298157,-4.10596866069629,-4.30459539287412,33.3823522879972,-4.58483006204482,-0.159936934289326,-0.275674608831405,483,51.6309319757294,90
437,SA1,4,2,-2.25619600225233,-14.667222074777,-5.6937490782962,-2.60523055756962,-14.6436548031353,-5.68281916970428,-3.03398347339336,-14.3266804129887,-4.04668962107208,-4.46359302337339,33.3952011149043,-4.59369781627157,-0.171244065390555,-0.116312992660641,486,50.9464362126585,90
438,SA1,4,1,-3.11055134519817,-17.9831950998636,-5.08128231641055,-2.76772441630237,-18.0536902475724,-5.08164421886244,-2.50698461098563,-17.6153491420703,-3.54123323024623,-4.54075030032298,33.4249623189366,-4.71065343975562,-0.29181379198502,-0.0389790832469564,520,54.3302087721577,90
439,SA1,4,1,-4.44688111305833,-18.334344753551,-4.63241571576837,-4.1096426666751,-18.4129665507519,-4.68329639270882,-2.69077572629871,-18.2877357728881,-3.37309817994672,-4.62506012099873,33.4342257690127,-4.72708846812341,-0.309795441979396,0.0455237438691774,527,55.3390499482533,90
440,SA1,3,2,-5.93278368602361,-26.0956531798143,-2.26563711302981,-5.59441451907734,-26.0709576951641,-2.35163967053818,0.00539752343582952,-24.3023894846122,-0.455570708727298,3.08069117040528,33.4397300030905,-4.23067329766791,0.277795905525909,0.116113467027761,612,67.8289314250634,90
441,SA1,4,1,-4.80210032988345,-13.2622377000581,-5.50561217204177,-4.47557856286676,-13.1749719935345,-5.59654199184379,-3.39710439361162,-12.8250213488447,-4.46681399980236,-4.69166771942135,33.4221155516904,-4.64704021161643,-0.228962004481082,0.112283823881383,470,49.2471125083667,90
442,SA1,3,2,-3.14195967675718,-24.6539130429475,-2.99893404750938,-2.79800580767025,-24.7151069918048,-2.97769642609416,-0.0706633606611025,-24.2551003780822,-0.342019175493631,3.01129747940709,33.4639906043676,-4.10612849745108,0.350834724708716,-0.00870960487047674,612,65.4610437363487,90
443,SA1,3,1,-0.795051031040911,-25.3465239657371,-2.74371646396834,-0.445891504535013,-25.3338431254518,-2.7230568090865,0.251978146498611,-24.4735949059285,-0.569485352630967,3.35328151008478,33.3674550197564,-4.38416818211451,-0.0040263170979899,0.269951306615859,612,64.1377283184649,90
444,SA1,3,1,4.22964833101184,-13.9192202066575,-4.64639762403492,4.56687317721239,-13.9574685435195,-4.56086127017117,5.59119816147218,-13.7726068528991,-1.64198195313297,3.3714124505206,33.3588679675594,-4.44949298921225,-0.0236063601546384,0.335422069577489,488,52.6505111633554,90
445,SA1,3,3,-1.76393113529082,-30.202779903178,-0.826338842123466,-1.62825533899568,-29.9092870821804,-0.960331537157836,0.425935651657743,-24.6222003856278,-0.254704380021411,3.61961637734404,33.3263761389617,-4.10343676785968,-0.272855575250353,-0.0114073486199711,612,67.4190608220425,90
446,SA1,4,2,1.63240388908698,-13.1438933868956,-5.49788611159423,1.29511710287488,-13.171285347372,-5.58725783166259,-2.96936957226685,-13.2695390215079,-4.34676395811223,-4.3277587170663,33.3970737691935,-4.64765127193827,-0.224440942385124,-0.252458257948929,475,52.8073272268657,90
447,SA1,4,1,-6.03459921799491,-19.5323532467199,-4.06525260802177,-5.69927854202167,-19.5049934463879,-4.16174864727025,-2.59552714418191,-18.8392605684703,-3.16627417333749,-4.54378764394679,33.4076349101453,-4.62667667249547,-0.206068271707014,-0.0359347863776419,533,57.3856577978804,90
448,SA1,3,1,-2.26145875650846,-26.5816563048762,-2.29526009853682,-1.94673324652088,-26.4364052562558,-2.34373675516367,0.245198627987643,-24.4698204897988,-0.553106964689563,3.34826850923035,33.3697743559533,-4.36690694861401,0.0013752182821575,0.252651506170283,612,65.0476084003361,90
449,SA1,3,1,2.08831260861708,-22.6063263959586,-3.22519986017166,2.26884883660451,-22.8703789367702,-3.08313323469259,1.91459405249136,-22.4987083711155,-0.455420235842043,3.31746202477375,33.381378442254,-4.29945739575969,0.0339841413630325,0.185051250111578,586,62.0049774273979,90
450,SA1,3,1,1.82809699009448,-23.4422193472078,-3.05746398679567,2.02316026462673,-23.7036216570141,-2.93050276690289,1.44417664710328,-23.0190172831881,-0.469176728226365,3.31504812474357,33.3811398674608,-4.3109095111328,0.036285687114176,0.196528953059559,593,62.6615614844637,90
451,SA1,4,3,-4.74454183825972,-24.5498654355268,-3.13264213108515,-4.55080859114381,-24.2784162044029,-3.23886239226062,-1.87051143559247,-20.3470953935751,-2.88371007983789,-4.64398217816708,33.3770201177348,-4.44689729239579,-0.0238270166065826,0.0644891183980658,550,60.5973774083646,90
452,SA1,4,1,-5.56496467249483,-19.1194128049888,-4.30004471637661,-5.22258239043988,-19.1044968999323,-4.37112135607762,-2.72402478928103,-18.6542515230772,-3.18526583324693,-4.65282313558328,33.4150202225225,-4.62592960246533,-0.206846736133222,0.0733503149952568,531,56.617988855408,90
453,SA1,3,2,-4.35662703557762,-29.5140900601836,-1.26574226409546,-4.10833779804666,-29.2910098029979,-1.37104019085688,-0.0105303224182383,-24.2968470904836,-0.369866761883527,3.07776080252913,33.4463633811624,-4.14362737788822,0.282119357597999,0.0288730596868518,612,67.9845828288426,90
454,SA1,4,5,-7.48894260786123,-22.8969321616292,-2.81979631238507,-7.20921153023337,-22.7259490363434,-2.94233322550378,-2.389773083602,-19.8283978363516,-2.72276797308551,-4.75439175500726,33.3522615801062,-4.29177701836665,0.133078711426383,0.175151450602199,543,60.9061003100909,90
455,SA1,4,2,1.97854881069063,-17.3653482052167,-4.86198348925161,1.63438260877228,-17.3915270240186,-4.91998603146516,-2.34146811541941,-17.3657886965963,-3.41458898842164,-4.39220214702506,33.3762057614994,-4.52638381380111,-0.101468449288926,-0.18786730072795,518,56.8393158295735,90
456,SA1,4,2,-1.91693266145691,-13.8357132019449,-5.95000184557359,-2.25723809921293,-13.7539286188494,-5.95187026778898,-3.04253229673896,-13.4248040265506,-4.14156136238393,-4.43208237997212,33.3742635142593,-4.50387575489998,-0.0790386721929002,-0.147895771870863,477,50.2950441660401,90
457,SA1,3,1,0.886234488542734,-25.8749559965379,-2.36503402859565,0.732495163929009,-25.5923535245083,-2.50287474417004,0.235840080527943,-24.4669750551066,-0.496913223466702,3.34764038855121,33.3738182545793,-4.31001522856548,0.00288122487391288,0.195632672387835,612,64.1458167148259,90
458,SA1,3,1,2.80084531881976,-22.0154845885254,-3.326765653908,2.92597925438012,-22.3188331051954,-3.20502340320879,2.45685576170471,-21.907074453237,-0.399376087906439,3.37085134120686,33.3714552305724,-4.26780412171744,-0.0202782488748145,0.153327252845438,578,61.4957728319955,90
459,SA1,3,1,1.05366647377063,-22.1933860501675,-3.54973123703739,1.26154560391001,-22.4418982460074,-3.41733805076508,1.73688384798578,-22.8791882043099,-0.447436512578641,3.43451432222622,33.3544703889455,-4.30518582729771,-0.0861205499296292,0.190792480740952,590,62.810356827411,90
460,SA1,3,1,3.43115080302589,-17.5099391674846,-4.37976237977678,3.7553980157881,-17.5914262236441,-4.2762075407088,4.80128840480518,-17.3517916190536,-0.620862651719443,3.3558409411554,33.3761873388543,-4.24838310165437,-0.00459330005947537,0.133862840204772,526,57.2563623941782,90
461,SA1,3,1,5.53568077556178,-13.8312988572628,-4.31883646911456,5.86319408110621,-13.8126628087378,-4.19682117340647,5.58325245482713,-13.4378885142316,-1.48358464653836,3.33540176847685,33.3813244886575,-4.24098763010525,0.0164757628676718,0.126450844880285,485,51.9852322856802,90
462,SA1,3,3,0.79142821136916,-28.1833745115156,-1.63377892003708,0.765046447915845,-27.8543204190663,-1.75008630071202,0.434346327740865,-24.6223194270311,-0.339833367702239,3.61369376702905,33.3218734382239,-4.1886561703436,-0.268074078994996,0.0740024604194683,612,65.3399452047456,90
463,SA1,4,2,0.651438911891012,-21.1193393455048,-4.10846929237258,0.315458013634639,-21.0657777898661,-4.19061547770338,-1.71384472617783,-20.1930699379968,-3.05388325115404,-4.40003945161763,33.38785485674,-4.57956892325559,-0.155911775222093,-0.180012054568799,550,57.8172234726048,90
464,SA1,4,1,-6.250288394128,-18.0695720100224,-4.31309390023117,-5.91132287003808,-18.1288567362809,-4.37702898223547,-2.58738902749491,-18.2786400463196,-3.28454970820556,-4.53100158318886,33.4078327074255,-4.63185837128328,-0.211180977458439,-0.0487501176529758,527,56.9927293719962,90
465,SA1,4,5,-5.41272229064415,-25.2427149898829,-2.6255454306682,-5.21648973164034,-24.9797272269425,-2.74732481862201,-1.87932993292881,-20.3522078764715,-2.63761343143073,-4.69371587579439,33.3310061190839,-4.21009202433289,0.217383856765197,0.114336669000859,550,61.5893110218997,90
466,SA1,4,1,-3.42927550625615,-23.8560167436188,-3.50411300034573,-3.28001763074973,-23.5541559335914,-3.59951812583124,-1.85778562474676,-20.3379910801489,-3.12405183726578,-4.58968652735065,33.4213848273695,-4.67731593311226,-0.258448977405503,0.0100691711448929,550,59.2461234940874,90
467,SA1,3,2,2.49756008034994,-13.8963498199436,-5.30855579168492,2.83769642391227,-13.9057584300784,-5.22658783548628,5.2582599683374,-13.7890314715368,-1.48528652177959,3.07596372108212,33.4380401624665,-4.27092902017063,0.282033209679756,0.156459133290215,489,54.2117192756012,90
468,SA1,4,1,-3.90600096980359,-20.9968783554255,-3.99501119688498,-3.60153030280451,-20.8381368040805,-4.06282515425166,-2.28692242112594,-19.9005640032573,-3.10004870047026,-4.64622894115881,33.420243344516,-4.6531239877567,-0.23453457241407,0.066741024796865,544,56.9533130439999,90
469,SA1,3,1,0.267542583675109,-27.0796502803693,-1.94355814854107,0.320596534634579,-26.757575814204,-2.06986458753729,0.255431200588962,-24.4813096068705,-0.495567022018955,3.37124579746069,33.3683366588383,-4.31197492145088,-0.0213519350770438,0.197596743834466,612,64.4400442248255,90
470,SA1,4,1,-5.88286849836841,-17.6403680739358,-4.46778021804186,-5.55908441239649,-17.5403222343126,-4.55527133556481,-2.90593508270744,-16.4641749300403,-3.63636546185097,-4.67068599132309,33.426746203134,-4.67616254981683,-0.258415961763945,0.0912540633164322,508,54.5758500058715,90
471,SA1,4,1,-7.24647071797589,-19.993379502573,-3.82303806709826,-6.91816379931441,-19.9425963326817,-3.93319993352578,-2.67093247242936,-18.9495972910389,-3.1330592522081,-4.63875959852971,33.4123397785979,-4.61775216710074,-0.198294038220207,0.059254582958903,534,58.7157052941813,90
472,SA1,4,1,-4.53067767280414,-21.7493613963278,-3.94621712282032,-4.2481876827206,-21.5594204857504,-4.02759191001887,-2.172279574537,-19.9477066069167,-3.15205978938138,-4.57060426095533,33.4239379906856,-4.69586131893338,-0.277124653721134,-0.00905677937028311,545,57.9870225218714,90
473,SA1,3,2,2.91345469335332,-12.2747215543463,-5.36626789972711,3.25514545538101,-12.2733976424555,-5.29046769918487,5.37386317456197,-11.8499764555537,-1.50196040784084,3.13163202163115,33.4394661875505,-4.06625819550365,0.2280555015657,-0.0486689894286693,469,52.2006787574817,90
474,SA1,3,2,-3.90280680796895,-27.1500158575751,-2.2759633478332,-3.58007596197434,-27.0320811287733,-2.34256815836563,0.0287634373358404,-24.3224782275509,-0.411470117628515,3.11680601832568,33.4342579271203,-4.19117443939627,0.241364513757634,0.0765263560656316,612,66.4510760406474,90
475,SA1,4,1,-5.40212345549916,-13.1194843448543,-5.4129399964756,-5.06619952694431,-13.0562435023323,-5.48814445153898,-3.38951670305251,-12.602775785478,-4.46331060177859,-4.65842716694218,33.4075927067153,-4.58850759057194,-0.168696624574596,0.0789671753951403,468,49.438707830645,90
476,SA1,4,1,-4.34538306221748,-12.0968534487686,-5.77317751300986,-4.00169237586152,-12.1180522937253,-5.83584585497507,-3.42545354619957,-11.9730004501917,-4.49676568350784,-4.61496530399711,33.399823883486,-4.56570118943371,-0.144783695904742,0.0354058172857784,462,48.2411642511794,90
477,SA1,4,1,-4.9513600733154,-22.3333970399134,-3.48598030001152,-4.68145229395321,-22.1347296860604,-3.58688160403091,-2.15199380125264,-20.0583749546622,-3.09673560356755,-4.62793445538235,33.4185567558425,-4.6511067753873,-0.232215175578747,0.0484046583290421,546,58.6955316415332,90
478,SA1,4,1,-6.76896894963779,-17.0075130695031,-4.58425891864076,-6.44932981556582,-16.9279465459106,-4.70258048173528,-2.94883162426013,-15.8730756479557,-3.75686384049194,-4.5273175156533,33.4220501798816,-4.70115765541681,-0.281923221501518,-0.0524426189481619,502,54.8068228201174,90
479,SA1,4,2,0.758405041823182,-19.3597976251617,-4.45774213695858,0.459156677835382,-19.5413071542098,-4.45557245602102,-1.72590301968591,-20.2052937905854,-3.0653092522672,-4.41508218501336,33.3917287536932,-4.59313681219434,-0.169985064122954,-0.16493488456292,550,58.1463839618099,90
480,SA1,4,2,0.406970921426538,-18.3420834418342,-4.67154626825233,0.0613263065313251,-18.3029966464601,-4.71030220484693,-2.31920106235204,-17.7139889992872,-3.4261661776101,-4.35483014524664,33.3903426959816,-4.60645441764985,-0.182738078019805,-0.225324856442738,521,55.5757834567139,90
481,SA1,4,1,-5.95250761025644,-12.6414588304162,-5.52024502625028,-5.61659259988148,-12.6153785254783,-5.61501276073381,-3.41607895447968,-12.2985508087216,-4.6795657458786,-4.62433694291691,33.4400172978806,-4.75506022412935,-0.338360430049532,0.0447989102503651,465,49.6092133462707,90
482,SA1,3,1,0.442745678140362,-24.7435443627819,-2.78950659249986,0.489306991117375,-25.0685668205908,-2.66829419192249,0.22296379807601,-24.4541109573495,-0.546690550583469,3.32296599646877,33.3761948916106,-4.35686170044499,0.0274709844400247,0.242583813803724,612,64.0985248606334,90
483,SA1,3,1,4.83085444995245,-12.9419482062442,-4.87710720997971,5.16982725167516,-12.9155067674852,-4.79405126492694,5.62020091868687,-12.5454612065527,-1.61393546117788,3.31553031725783,33.3853810405878,-4.24747375733694,0.0367523992491079,0.132951464130321,476,51.6239038437663,90
484,SA1,3,2,2.47234170775364,-15.7368569517696,-4.75225475759945,2.80912915777931,-15.7124829412937,-4.66016718450443,5.01166216408742,-14.8620883121766,-1.19396302224125,3.04696858756475,33.4454540952373,-4.25859550595475,0.311949821466078,0.144098062181294,500,55.0493347128138,90
485,SA1,4,2,0.524730238557331,-13.217274620454,-5.52384478031752,0.179103414495425,-13.2347458352688,-5.57615974129212,-2.9397088819515,-13.2328653416235,-4.241933174319,-4.3055485997461,33.3725471488966,-4.53756328820532,-0.111663913903503,-0.274719219828517,475,51.581241712761,90
486,SA1,3,1,4.92991938624901,-17.7197937738951,-3.62522527436663,5.23652759959654,-17.8151210394388,-3.48592661697254,4.84982120266187,-17.2626000306127,-0.631876469654022,3.37851202741211,33.3710487350574,-4.2484275749311,-0.0278394479595464,0.133907412848587,525,56.2216931502926,90
487,SA1,3,1,3.27402413395364,-22.7147415164485,-2.94231173614626,2.94003832022113,-22.8109572794471,-2.98349429527065,2.36833923196797,-22.0876398557542,-0.5413890117169,3.39065649348068,33.3573292784993,-4.40836481048085,-0.0427148273267961,0.294201997748756,580,61.4334261194551,90
488,SA1,4,1,-6.33072157949762,-19.0937685442,-4.01822020564291,-5.99440497697313,-19.0984430957398,-4.11501530590261,-2.71122207162586,-18.6706588792579,-3.28099910756297,-4.63006388235861,33.4329889812211,-4.71950903840589,-0.302123243286559,0.0505389601006394,531,57.3244245886627,90
489,SA1,4,3,-6.84125280800073,-21.5506869291508,-3.45157559379226,-6.54214412568171,-21.426512166295,-3.58429569185988,-2.47084316354617,-19.5201369564934,-2.95221768767995,-4.64724810828337,33.386578461324,-4.49158498794632,-0.0695249725147789,0.0677625250519743,540,59.4234469294762,90
490,SA1,3,1,-3.23890980716227,-28.9970761895065,-1.23813809796732,-3.01198560151696,-28.7536044623321,-1.34642901614117,0.268515272865832,-24.4889003924312,-0.522825140127013,3.38173576643052,33.3639695976693,-4.34100434279071,-0.0325475023592015,0.226691025898093,612,66.9914602631906,90
491,SA1,3,3,1.18485188041972,-26.7376713751722,-1.95263842627416,1.05742861557655,-26.4427266893149,-2.09145825144788,0.368171589170687,-24.5793536955261,-0.266932317914338,3.54846904287107,33.3423314099262,-4.10578928961851,-0.199941316592748,-0.0090495705984661,612,64.5617625361924,90
492,SA1,3,1,2.66111199951263,-18.5502005237929,-4.17981257847088,2.92634590049037,-18.7337955734106,-4.04400449502959,4.25922258955795,-19.2750697727602,-0.570952755439556,3.45115763575285,33.3454999037827,-4.38101545301784,-0.104334435547334,0.266791533345322,546,59.1747142537756,90
493,SA1,4,1,-2.29669679520341,-21.3932817279634,-4.12742191111277,-2.1207058595311,-21.1023379177544,-4.21036098430664,-1.83148763847132,-20.3117753092116,-3.12860554042936,-4.55239344642309,33.4185940800241,-4.67630361662555,-0.25688753495152,-0.0273092830493106,550,56.9300695223667,90
494,SA1,3,1,4.74722052675491,-21.1283175808993,-3.04865090683237,4.87188567230323,-21.4193162055079,-2.8993913947023,3.57901382701033,-20.2759610913397,-0.530960976744658,3.31108502065443,33.3765604165513,-4.39077563762897,0.0391391396932167,0.276573525233655,558,59.6096475485404,90
495,SA1,4,1,-5.70408813654424,-16.3789232669681,-5.02089122094659,-5.37565372368318,-16.3260605035213,-5.12968627914949,-2.99745020770103,-15.5924179444216,-3.77774855885097,-4.5161086796429,33.4136074174889,-4.66444240522863,-0.244257402240264,-0.0636771148107811,499,53.4895926844628,90
496,SA1,3,2,-4.11784410402501,-28.5529783997223,-1.61818532731346,-3.83873300666145,-28.3655092809281,-1.71540839467418,0.0142539342584424,-24.3140473497765,-0.3814287462726,3.10513831812666,33.4390960798058,-4.15916590267243,0.253812787782941,0.0444463023509832,612,67.2300532706578,90
497,SA1,4,2,-0.948568079161513,-18.9835317011158,-4.62242735166554,-1.20713932024076,-19.2165999755935,-4.58609427143948,-2.18500605194513,-19.6050693102109,-3.09404540917815,-4.41099005100494,33.3944342438047,-4.60744708149985,-0.184546201680125,-0.16903638649802,542,56.5669922362756,90
498,SA1,3,1,2.58612088813702,-20.0635448339172,-3.70915010638071,2.85210389088034,-20.2552471525507,-3.58666229767231,3.45938113849482,-20.4282091736762,-0.448411320144863,3.29505236783388,33.3854065961344,-4.31474152032715,0.0567299913608353,0.200369524150031,560,59.9455781003129,90
499,SA1,4,2,-1.21133513205427,-19.9975335965325,-4.49024782666737,-1.42028469409698,-20.2713382491581,-4.42802972059919,-1.68627065060748,-20.1653469323714,-3.04302445421547,-4.3633164678371,33.3819275481891,-4.56334863870145,-0.138822331635676,-0.216819106519826,550,56.8235145146598,90
500,SA1,4,3,-4.72626747010343,-23.9258945810333,-3.30188830258327,-4.51028328763024,-23.6722358937926,-3.40916413074941,-1.89195241362321,-20.368558258477,-2.8859093016682,-4.67348764840876,33.3804303398131,-4.45345505852201,-0.0309434361814431,0.0940621341016821,550,60.0869386435427,90
501,SA1,4,5,-7.96051012559876,-23.267231644288,-2.57336714633401,-7.70180625298833,-23.0972130322019,-2.73666435341571,-2.35386931191405,-19.802201872471,-2.59545417628594,-4.73099231441803,33.3235642653555,-4.16211190159738,0.265872041926315,0.151698442792698,543,61.596816897505,90
502,SA1,4,1,-2.97234301013243,-13.7068081741225,-5.85948573716409,-3.20997245960653,-13.4498506154452,-5.86173468830222,-3.31079303670157,-13.3246254703024,-4.39194063922376,-4.66578442019655,33.4364080232627,-4.72405069539007,-0.307267933355049,0.0863412712575264,475,49.6617058848131,90
503,SA1,4,2,0.484401229575167,-14.9387072889917,-5.53085034286857,0.136698481782279,-14.930514247632,-5.57003800994067,-3.02094493171989,-14.619610091725,-3.9441894576942,-4.4617965191003,33.3880455334628,-4.5600288923532,-0.136823374086015,-0.118113609585046,489,53.2216513957673,90
504,SA1,3,2,2.84229042157708,-15.1026951413777,-5.06290852017228,3.17677681559999,-15.101549450281,-4.95986707411555,5.09876825778395,-14.4766717062955,-1.33081000538875,3.06106180464408,33.4419206009461,-4.2635683660661,0.297424198584777,0.149082033203274,496,54.6045640259754,90
505,SA1,4,1,-0.496973120725237,-21.5130826385598,-4.06562531421964,-0.781357201024931,-21.3282443990064,-4.1519996163638,-1.86450689659681,-20.3438090286412,-3.06422559844538,-4.60814748724868,33.4108367217339,-4.6206932053567,-0.200865701548675,0.0285723928355241,550,57.3220357835336,90
506,SA1,3,2,-4.22661989870075,-25.4115637797661,-2.90297225251882,-3.8786203383468,-25.4226002569749,-2.93867242288643,0.0201092144988836,-24.312760014265,-0.46015262677259,3.09736955611334,33.4354734123841,-4.23765101921004,0.260589241108471,0.123106778962284,612,66.4142537552983,90
507,SA1,4,2,0.015525011908046,-20.5795758048205,-4.2111610624359,-0.330896276885894,-20.6100088996191,-4.25073526377116,-1.70318306839553,-20.1827391008353,-3.07550862947307,-4.38190941260529,33.390520440451,-4.59833726040772,-0.174828676308475,-0.198183597812383,550,57.1960245059799,90
508,SA1,4,2,-1.78286922424157,-17.5625840700975,-5.22537134666171,-2.11778137558493,-17.6616413748622,-5.20253494468367,-2.3674414559443,-17.3844107825992,-3.50824793782963,-4.40806694188926,33.3972247422422,-4.62177724146665,-0.199144187845601,-0.171966187347599,518,54.1995982327759,90
509,SA1,4,1,-2.16803175789398,-19.6645060102686,-4.46499504595162,-2.35368441215464,-19.948242615412,-4.37823888843134,-2.31853095395867,-19.6788542373995,-3.07270856774092,-4.56464891930322,33.4052344779831,-4.60827344428286,-0.18756297326752,-0.0150257543012254,542,56.1467039711972,90
510,SA1,4,1,-5.11465174221963,-21.3866502566166,-3.76332493341151,-4.81476219207875,-21.226315424534,-3.84614400933825,-2.38353637296018,-19.7185496408416,-3.15403392562619,-4.62680654885979,33.4282387463421,-4.69784172055485,-0.279942423650786,0.0472741697440188,542,57.8954438148201,90
511,SA1,4,1,-5.30341484991501,-14.3186816310481,-5.53801353134758,-4.96800083150086,-14.2738159333912,-5.62736959115905,-3.27751630950353,-13.9487374786965,-4.1684009368383,-4.68816280385356,33.4237371043926,-4.65596565919435,-0.238030451918377,0.108770884678004,482,51.1587860209505,90
512,SA1,4,1,-6.50471785876793,-20.7266606970545,-3.89485452957604,-6.19044816456889,-20.618852409361,-4.00490875445009,-2.57007530613625,-19.2459437277731,-3.2054971430483,-4.60268270778584,33.4304597940523,-4.71646649716825,-0.298627920751816,0.0230951031144173,537,58.5052194280262,90
513,SA1,4,2,1.48895534649176,-18.2151785198362,-4.47796030026883,1.21994988999244,-18.4390571787785,-4.48175640929955,-1.67477532037626,-20.1537483608791,-3.03576132813013,-4.34842356224291,33.3789312498621,-4.55393343622799,-0.128993436841169,-0.231746105730552,550,59.1842338048112,90
514,SA1,4,3,-7.15351348539556,-18.2303875631823,-3.86701149057374,-6.83267043108224,-18.2850660598722,-3.99573598901376,-2.62572593815161,-18.334820800959,-3.11733532319528,-4.57405028167926,33.3810490021854,-4.48934972577675,-0.0662065439950693,-0.00560286983591411,528,57.9197147495757,90
515,SA1,3,2,-7.37402751763224,-26.8280265459249,-1.7507292667273,-7.04863615426539,-26.7791895926806,-1.87004151523548,0.0365266555782069,-24.3302288101891,-0.381534069621802,3.13166834246331,33.4328231489554,-4.16300426382322,0.226552451340437,0.0482932395901254,612,69.3586492645803,90
516,SA1,4,1,-4.60345739443018,-15.4179634089751,-5.16616206936355,-4.26953716374847,-15.3443091426512,-5.24081010077609,-3.06995515639813,-14.9334710627546,-3.92523422180275,-4.51728934249256,33.4062295289856,-4.62872298682201,-0.207784073622005,-0.0624937491261213,492,51.6681185567994,90
517,SA1,4,2,-2.13454302010463,-16.4475004773555,-5.23318009683718,-2.41948692452482,-16.6457759471673,-5.18852800388854,-2.54296443550091,-16.4302242111465,-3.54503780355483,-4.33547486292388,33.3769147505821,-4.54856602549118,-0.123327149143627,-0.244724447887662,509,53.1013325063097,90
518,SA1,4,2,1.1107686676217,-15.028782593523,-5.28739970593116,0.765266796085879,-15.0279951307762,-5.34332677154046,-3.00288990246456,-14.8324289383683,-3.95125404959456,-4.44611397230869,33.3997367121747,-4.6212049582771,-0.199097504870183,-0.133832057681019,491,53.9499293426553,90
519,SA1,3,1,5.15686978950072,-12.8816564488651,-4.47851558830127,5.49376735530721,-12.8502862182054,-4.38898381303675,5.62987311594335,-12.5654903163273,-1.79816370243799,3.30649668519799,33.3747373887243,-4.43251393590024,0.0432113427822172,0.318405079798391,476,50.9218362156265,90
520,SA1,3,1,-1.64339755131756,-27.7862674295086,-1.82956459097402,-1.43175030367546,-27.5264839000767,-1.93064851848686,0.240285557018245,-24.4682933632747,-0.52407950960782,3.3478500947779,33.3718854622102,-4.3375057294214,0.00224969431590103,0.22318459554226,612,65.3279194164122,90
521,SA1,3,2,-2.13256248388685,-24.1699328309012,-3.32541786340574,-1.81954757627174,-24.3075755908539,-3.25074431893837,0.0601879230839169,-24.347447953558,-0.381235758881424,3.1599291741143,33.4261694325327,-4.16667807925057,0.19751994941832,0.0519752634596977,612,65.1862296153815,90
522,SA1,4,1,-0.698666179017578,-22.0936696693252,-3.9580701276346,-0.895721999817327,-21.8227604830596,-4.05944673384058,-1.87523917854769,-20.3547093211487,-3.07576857745184,-4.62132695304179,33.4145482803296,-4.63410083867379,-0.214748932785362,0.041782029749376,550,57.5241844899485,90
523,SA1,4,2,-1.88249362682706,-12.4430369041691,-6.14951935162295,-2.22919075795292,-12.486111627457,-6.12840851358257,-3.24492812602476,-12.3736586025603,-4.52770782703055,-4.48143542060393,33.3980214618134,-4.60129366009475,-0.179256053884281,-0.0984297496834335,466,49.0938190643911,90
524,SA1,4,2,0.594534315197675,-21.3496453029685,-3.85282536217495,0.2695854453046,-21.2519738412371,-3.93866543159744,-1.70581713976898,-20.1852091243621,-3.064692946468,-4.38722170661896,33.3888112506325,-4.58839359158952,-0.164745595233063,-0.192859142618086,550,57.6975865277165,90
525,SA1,4,1,-6.83204663545452,-14.854054747651,-4.93179983200103,-6.52233446579732,-14.8464698025624,-5.09465203669667,-3.10369216620422,-14.5299469435321,-4.00089404015254,-4.53872087353374,33.4011588649308,-4.59734471678976,-0.176031875243806,-0.0410131559058886,488,53.2264053153441,90
526,SA1,3,1,5.02144437804646,-18.7604531386652,-3.45464306732587,5.30671573177913,-18.9079859426064,-3.31552323947675,4.52038880977703,-18.3073166827642,-0.616689254729667,3.28606263312362,33.3846954344765,-4.3548052412986,0.0653404779167663,0.240522759890284,536,57.2860977556375,90
527,SA1,4,1,-3.49543694331131,-16.1554142497015,-5.22367815722717,-3.17828394684343,-16.0170418317958,-5.27628092135964,-2.99307961520992,-15.6728254285619,-3.69872563095404,-4.535877509004,33.4030616761997,-4.60739785101399,-0.186261691476365,-0.0438630296140562,500,52.2606497888775,90
528,SA1,3,1,2.48333547327345,-21.3497618256142,-3.52843575398303,2.70242246497614,-21.5866483963319,-3.39284208643078,2.66891092778876,-21.56553081334,-0.404418436363835,3.33047742206785,33.3798973931202,-4.27806248028055,0.0209631463416465,0.163608531760745,574,61.1371788203451,90
529,SA1,4,1,-4.07304234514349,-14.5643070143352,-5.62457737652314,-3.74389055488146,-14.4730034336216,-5.70088435599542,-3.11053931468871,-14.252851538936,-4.19074195953916,-4.52697409175088,33.4264423233699,-4.72230280281915,-0.303519694419139,-0.0527868290344989,485,50.8262745117577,90
530,SA1,4,5,-6.33598353350655,-24.2893755911456,-2.95805242765612,-6.08457558392246,-24.0681223884582,-3.05974344587547,-1.93839459595227,-20.2705747416913,-2.6039765069285,-4.68368767472865,33.3228134833669,-4.17418347507159,0.254208878510808,0.104285510854012,549,61.4704886963857,90
531,SA1,4,1,-1.43876416499759,-20.8392063569584,-4.1132646349196,-1.75830769562408,-20.7013406257365,-4.15047984940781,-1.85576800832714,-20.3365263863212,-3.16074411914168,-4.5812932600748,33.4281474347203,-4.7124778423258,-0.294250790305579,0.00165668956366867,550,56.5983246843303,90
532,SA1,4,2,-0.235865444181101,-15.5072699335094,-5.53779220079608,-0.565026191371893,-15.6262249204417,-5.53949912572916,-2.8126042744011,-16.0079715656489,-3.59031174915544,-4.45413524418805,33.3865271323623,-4.55529546247418,-0.13187950345702,-0.125792423087559,504,54.0827704876777,90
533,SA1,3,1,4.03108387288953,-17.8134176410484,-4.05185755445706,4.34148034697249,-17.9225407242449,-3.93250018522267,4.84803753784473,-17.5691692929678,-0.623217405495238,3.44708514763975,33.3527719340903,-4.28842949067755,-0.0987559890946514,0.173998705271818,528,56.9886636089963,90
534,SA1,3,1,0.633216937452551,-23.8856332928037,-3.37495989041894,0.778927431784132,-24.1801085688089,-3.25432505439171,0.622409752943579,-24.0158799316663,-0.560504943422548,3.36151192979066,33.3644285429303,-4.40111324028012,-0.0127219964826067,0.286934225292857,606,64.0589872919727,90
535,SA1,4,2,-1.08060249650977,-17.7730399910282,-5.12099552959849,-1.43036611974878,-17.7840212381125,-5.12769030899663,-2.2973198529402,-17.4922018304073,-3.47387373509659,-4.34465695361135,33.3888765263075,-4.60280300498639,-0.178864051867002,-0.235521337079106,519,54.4342729508556,90
536,SA1,3,1,-0.78309104282869,-23.8118665995144,-3.41400837177731,-0.588130392978603,-24.0820929067696,-3.30691921323534,0.27829636806165,-24.4917675209939,-0.583072557738636,3.38210814552983,33.359705082262,-4.40195774155109,-0.0338528268722934,0.287780613441386,612,64.7871315121917,90
537,SA1,3,2,-3.79669307906834,-29.4086990062354,-1.09166258291105,-3.56467762697253,-29.169356533235,-1.19835846196372,-0.0234977533100011,-24.2873322473455,-0.371137760755453,3.06206511975391,33.4499821401793,-4.1427043029153,0.298226687071981,0.027947922278372,612,67.5137660800781,90
538,SA1,4,2,1.98686283658058,-14.8334943810827,-5.24532259922232,1.64957464793479,-14.8505540811678,-5.33722278656188,-2.97863408201954,-14.6418768219709,-4.03516293060715,-4.4126219382236,33.4032223927799,-4.64898793680019,-0.227006324321562,-0.167400763477986,489,54.6484505893501,90
539,SA1,4,1,-6.07324431203451,-14.2448576953602,-5.22016049282184,-5.73524296694009,-14.2391859143949,-5.31084081932679,-3.15634876356879,-13.929472290892,-4.09572018994636,-4.57331163271429,33.398919646098,-4.57516643352051,-0.153864200482822,-0.00634320975463844,482,51.7748472961628,90
540,ENF,4,1,-3.16445140978441,-15.098534213595,-6.22480370402629,-3.22986550878826,-15.0304637706903,-6.12142377147516,-3.13565126367177,-14.5645636123182,-4.14147394111328,-4.55953277743326,33.4325459793569,-4.74074666910215,-0.322821811877826,-0.0201536083100947,488,51.2779442095741,38.1934823448271
541,ENF,3,1,-2.23933210859186,-27.8483813066785,-2.48027102077805,-2.14640790958328,-27.7457579281809,-2.45944950727989,0.256873314611658,-24.4788694811641,-0.545107487495739,3.36368374067802,33.3666882740766,-4.36098910053068,-0.0143409069369199,0.246720435780334,612,65.7938157425648,64.322648010596
542,ENF,4,1,-3.47393849500591,-21.4103809743783,-4.74729805442173,-3.37405414193036,-21.3306349490821,-4.69016936232978,-2.06855495268321,-20.1236424552226,-3.15697512842214,-4.59377787900924,33.4279232985211,-4.70726985511997,-0.2891069669125,0.0141698889391707,547,57.5028147969657,54.3413481557506
543,ENF,3,1,5.37119355493232,-16.2825789460888,-4.99597504637775,5.38734009418933,-16.2287356618557,-4.8677557420082,5.41596287443032,-14.9229884435734,-1.16839112198356,3.44596656392455,33.3539773966654,-4.27454671123462,-0.0973987259244743,0.160084907397201,500,54.4178387935732,26.90335350885
544,ENF,4,1,-4.74219844201711,-24.4886104267746,-3.75734428565914,-4.6792689794077,-24.3932760278744,-3.67640458512828,-1.86127723518608,-20.3410868798686,-3.09785663876044,-4.59853335031449,33.4168427532787,-4.65263664968466,-0.233362353182833,0.0189362467174486,550,60.6666998099369,36.9734756010685
545,ENF,4,2,0.254918204450933,-17.8581042616102,-5.64583731269247,0.189656083993858,-17.8345194017762,-5.52424533096648,-2.33870868386442,-17.4964366246961,-3.49270134751985,-4.38373434691466,33.3962666868867,-4.62524828637767,-0.202346078097497,-0.196354485768174,519,55.6718704045755,19.5929818971509
546,ENF,4,1,-7.76445293700094,-20.6584685815037,-3.9410254085366,-7.63600838605399,-20.6288836836992,-3.98821366082397,-2.53477591966642,-19.1252317084957,-3.14990834331933,-4.54350288741141,33.4113689075133,-4.64465091266579,-0.224426258371276,-0.0362201947925429,536,59.7520054494214,86.9419313217188
547,ENF,3,1,3.52378070394114,-12.364615396089,-6.03336940176678,3.52291308126901,-12.3481119824572,-5.89434823586247,5.61032389708743,-11.9527270362225,-1.85563678341747,3.31947988325612,33.3711249109006,-4.44230498814161,0.0297508611282583,0.328218008284821,470,52.1329130863597,11.7570943401624
548,ENF,4,3,-7.68853692529519,-23.4843981521341,-3.28380419299924,-7.59371486785012,-23.423400735635,-3.20080965943033,-2.26015817309694,-19.8777920214888,-2.91920398887427,-4.6407739366446,33.3822373662141,-4.47294217297638,-0.0503884229420559,0.061273532401696,544,61.7273204940924,33.4653106109778
549,ENF,4,1,-1.70745979364764,-20.2520211874496,-4.96723722259527,-1.70861453844055,-20.2193110490113,-4.83111700584621,-1.89424270205519,-20.3736461677718,-3.07199485768552,-4.64834932091699,33.4164721956517,-4.63436391822489,-0.21539975691901,0.0688662586390139,550,57.185882448507,2.32550749980101
550,ENF,3,1,-0.21710728967261,-25.5437691073744,-3.40927169092228,-0.179807383312602,-25.5010234125264,-3.28128136879794,0.229789111073643,-24.4593369983998,-0.542925967399057,3.33180724696122,33.3743678168843,-4.35429994776343,0.0184445480499832,0.240016337372763,612,64.3944476992646,19.9601542740192
551,ENF,4,2,-0.753939400433729,-13.0102965442248,-6.5153229496286,-0.888382158879016,-13.0066124743539,-6.47644400505949,-3.17871175332351,-12.7876170879047,-4.44824216871592,-4.47418970063299,33.398731316941,-4.60709242209741,-0.185077470065334,-0.105692056934579,470,50.5456122583622,70.2424024542139
552,ENF,3,1,3.85233970282914,-22.942127642248,-3.57559624868125,3.78153630684951,-22.9074134804476,-3.45991649207601,2.40500504739791,-21.9933675774219,-0.407583791437822,3.38152179820448,33.3685594132654,-4.27478430677895,-0.0313248068315715,0.160323033803612,579,61.814430116886,18.1057709059992
553,ENF,3,2,-6.83427167493864,-29.1239174517165,-1.66548705646088,-6.78952483665474,-29.0608195847607,-1.54879781252973,-0.0310380146198467,-24.280611978999,-0.388742974408907,3.04977867266376,33.4516633884949,-4.15877221245747,0.310580973416178,0.0440517325100726,612,69.9141448115139,7.2057062276069
554,ENF,3,1,2.98452360751859,-21.6469894475654,-3.98703680261405,3.00500061441067,-21.695176321748,-3.85719567913905,2.76521809492986,-21.6363668324741,-0.497578079277298,3.43224920573652,33.3494300894574,-4.38616325998951,-0.0850249421625488,0.271950842113129,574,61.2615878419607,42.7007861860071
555,ENF,4,1,-1.26001486397964,-24.0023475194688,-4.00368287078425,-1.26985744335396,-23.9523723579478,-3.87327732311772,-1.86599040110935,-20.3461173711831,-3.11911827892803,-4.60185641306531,33.4215811636597,-4.67422557831757,-0.255464021792304,0.0222669167968928,550,59.2438739001689,0.897231126106664
556,ENF,4,1,-6.73924065507431,-22.4819484900308,-3.91726487659833,-6.68167902068514,-22.4357274288542,-3.79830996181899,-2.30772697291381,-19.7931974336403,-3.14969885032678,-4.59950698747255,33.4253221811804,-4.69291722319345,-0.274525697975104,0.0199121127764876,543,60.3507530836143,7.62895389836998
557,ENF,3,2,-3.90032118164767,-27.4254218701264,-2.84736951831918,-3.77572306840932,-27.3627831598342,-2.83505277563427,0.0296348631404007,-24.3251103882035,-0.383084031299568,3.1231627421325,33.4347244783773,-4.16337458432332,0.235267936241403,0.0486643875009886,612,66.7403477958645,72.6863282606678
558,ENF,3,1,-2.79181088029537,-29.6622132695829,-1.70830336617418,-2.71615763603165,-29.5444468243507,-1.70553732030378,0.26559584804716,-24.4861571156939,-0.531648711049784,3.3766026824231,33.3645702025856,-4.34920158224467,-0.0274085652585995,0.234906580525397,612,67.2685973617094,69.4326010373646
559,ENF,3,1,4.51744982370127,-18.3448999784232,-4.82263754215121,4.63186831654174,-18.3910725186074,-4.7564823834026,4.80714288621189,-17.8685626046448,-0.643695141277173,3.46157853767026,33.3453220533112,-4.34918767229539,-0.114537132471732,0.234892639496985,531,57.9896710320193,82.3624938364406
560,ENF,3,2,-5.78425678264639,-29.9465895288693,-1.64139223217173,-5.67462099888976,-29.8617919899573,-1.66112475138596,-0.0221938537357454,-24.2869136049282,-0.390542799842755,3.05998399318058,33.4491284145748,-4.16202711384775,0.300067778636879,0.0473139063587827,612,69.2458846607177,76.9063892319675
561,ENF,4,1,-3.3454188595435,-20.5147862547263,-4.72087204607211,-3.22150352492948,-20.4677828723439,-4.67575362530947,-2.25437964059587,-19.7603795381322,-3.13824237794709,-4.53963366480887,33.4170033874905,-4.67291257885368,-0.253242929199397,-0.0400982750213478,543,56.6520057125421,61.4858006915836
562,ENF,3,3,-1.71284654360987,-30.4830796613925,-1.25908974794932,-1.71390809844823,-30.4134360424602,-1.13764577138669,0.439417207307255,-24.6317561342084,-0.258159526643696,3.63503949817964,33.3224941176444,-4.10909891992677,-0.2887552394597,-0.00573254555040787,612,67.9811503905445,4.70995715705966
563,ENF,4,2,-0.873966347279832,-14.9232178868774,-6.26066758926927,-1.00957909869081,-14.9170700577589,-6.22644207463655,-2.93476234695043,-14.4060431762354,-3.94120515287077,-4.37434697086968,33.3700787689881,-4.50295860739978,-0.0772854180328603,-0.205763351884185,487,52.1900746490981,70.4563756187992
564,ENF,4,1,-6.26766959014543,-13.5501120393884,-5.83187541148352,-6.13222859363474,-13.515313567694,-5.83856890324252,-3.31459489619642,-12.7386969315374,-4.61092816040994,-4.58482221222796,33.4373495102237,-4.7553724688751,-0.338120712766079,0.00519372037822508,469,50.6410044757072,76.0959729756504
565,ENF,3,3,0.363586229194758,-28.7855872933337,-1.85556624083966,0.3664617789115,-28.6456451184442,-1.85838029503712,0.490230654083279,-24.6684308933839,-0.261836067776357,3.69492188304005,33.3080967477538,-4.12123881334501,-0.35033871913382,0.00643447215200946,612,65.8416028585195,71.9173931194759
566,ENF,3,1,1.92289160942311,-22.2320129835375,-4.02452899146095,1.95705314730138,-22.2702666242422,-3.89426138880156,2.08796318185022,-22.3794879434191,-0.558559161589494,3.35553467425224,33.3650612436053,-4.41163084281448,-0.00675265622377434,0.297475327410791,584,62.1645289850889,45.7631131777223
567,ENF,4,1,-3.970411854709,-20.7827905851136,-4.86422482927943,-3.91076748801878,-20.736305118167,-4.74640441133383,-2.26042739900811,-19.7626344067656,-3.09688116342413,-4.55244785098431,33.4097076700153,-4.63373377054657,-0.213400064750744,-0.0272547539423238,543,57.2468646963028,20.9611654784533
568,ENF,4,1,-3.82264248652165,-14.1089152083898,-6.47663632924452,-3.7754254179852,-13.9776095361411,-6.46526228536617,-3.14010699101544,-13.3911974851702,-4.34478628775819,-4.50701408689489,33.4184502299532,-4.69064380696312,-0.270895479431624,-0.072792527375016,476,50.3768817186416,76.0796978119854
569,ENF,4,1,-5.34910386908182,-23.0305351017979,-4.34055109644582,-5.24098325881629,-22.9429686433251,-4.32499317285885,-1.98173015980278,-20.1810873875665,-3.10038683669237,-4.5747438190451,33.4145449807182,-4.64951271622152,-0.229834664687467,-0.00490774478815658,548,59.8841557563365,65.4446528766125
570,ENF,3,1,1.34160511675536,-25.4091383142003,-3.10297204896949,1.20380279904375,-25.4202162975942,-3.12505823282347,0.225432289874235,-24.4571420399611,-0.529124841391849,3.32919934031547,33.3759404737624,-4.33998225291233,0.0213354566346978,0.225666652354164,612,64.7375863569319,88.2685056949966
571,ENF,4,1,-6.33784057115124,-16.3250442209091,-5.60305567513737,-6.26903295980688,-16.294848856858,-5.4849296720267,-3.16998943338676,-15.4164640678494,-3.76245495329883,-4.66305993593428,33.4138539071875,-4.61695451542565,-0.197822760365937,0.0836105499637353,497,53.9729077866102,14.012333798034
572,ENF,3,2,-7.26438829684857,-26.9992417538048,-2.44418360740312,-7.18762287054274,-26.9483218110211,-2.33875956483699,-0.0139124794512454,-24.2889258457378,-0.447450224419638,3.05919438675691,33.4453698672281,-4.21944083249258,0.300007509403537,0.104855905044169,612,69.3794721265648,20.309812474685
573,ENF,3,2,-5.57933702888436,-27.5270082287159,-2.71176046187871,-5.51730542115438,-27.4667335107592,-2.6016739594469,0.0255887932805229,-24.3229516011265,-0.371976951811427,3.12042054748648,33.4361420891171,-4.15176127273598,0.238255560730444,0.0370251281764791,612,68.1818364981112,19.0618334893352
574,ENF,4,1,-5.72471902665774,-20.6068566547126,-4.41754186955586,-5.59272888065395,-20.5604974125311,-4.41211766249309,-2.56596745261149,-19.3502449967555,-3.1769231748642,-4.63631620522317,33.4294376464649,-4.70043308894753,-0.282724154631897,0.0568055961089128,538,57.8674594289961,71.3285790859203
575,ENF,3,1,3.25050713038411,-16.9032600044454,-5.2789319360013,3.25922269600855,-16.8894441731921,-5.13988819567968,4.97085244183465,-16.682671756062,-0.727152217838594,3.33051785495231,33.3816097998722,-4.25295932057562,0.0213020294990431,0.13844928381731,519,57.2247155189654,16.8216566805106
576,ENF,4,1,-6.34486222392603,-14.2100833753922,-5.72719058716291,-6.29441242018142,-14.1875010973307,-5.59856377028678,-3.15318595591592,-13.6769192861438,-4.31716301389645,-4.54106033777505,33.4305014693742,-4.73707451641913,-0.318809255289523,-0.0386683360409673,479,52.007658907645,5.99938468409755
577,ENF,4,1,0.203349935087836,-22.4165503421475,-4.22120825489878,0.102211530838348,-22.3298413568242,-4.26424980517379,-1.85342683589009,-20.3329438645445,-3.07812899059697,-4.59061057598838,33.4119616135177,-4.63188763304897,-0.212053681393586,0.0109953351629782,550,58.3143616152073,89.8704725927066
578,ENF,3,1,4.90017956004047,-14.2742683502911,-5.39528307163573,4.87018029197278,-14.2529093463059,-5.26021332348996,5.66243187448188,-13.8775477852805,-1.54431816789618,3.46859361036973,33.3418230892982,-4.37703673726691,-0.122151880861276,0.262803927910364,489,53.2338770098627,2.23354903006342
579,ENF,3,1,4.72529539939648,-20.1258442372049,-4.01470220028805,4.77144254375889,-20.2302786714991,-3.93368436274066,3.93026822380754,-19.5537407038838,-0.48232611525192,3.30837617335075,33.3839692297175,-4.29169094303857,0.0434178594733095,0.177267444728174,550,59.3313455804911,75.1719654142979
580,ENF,4,1,-3.73815413669435,-16.0206120518543,-6.03473804469253,-3.66162809006638,-15.9610544262472,-5.9337595647102,-3.18450876337795,-15.350065377993,-3.88908751835412,-4.65717059231111,33.4347416238495,-4.71892406013899,-0.301908906284101,0.0777077241478624,496,52.2562541744179,32.8830157395588
581,ENF,4,2,-0.74395608232237,-18.6970903275518,-5.80246048972543,-0.880291232445469,-18.6687806983801,-5.78792461214365,-2.37860111404017,-17.7956617994686,-3.33413294795229,-4.40872384014045,33.3809292747246,-4.54353020829266,-0.119218356700767,-0.17130778529066,522,55.7595856292875,75.7453913782034
582,ENF,3,1,-2.15642684502759,-25.7843081114543,-3.4555189981305,-2.05519887280456,-25.7457161183924,-3.36684230609069,0.261574481841059,-24.4807533200184,-0.56688159931898,3.3652084285364,33.3648187259699,-4.38321390389652,-0.0162409540061959,0.268994896244586,612,65.263193312719,49.915844209003
583,ENF,4,5,-7.80501799937427,-25.1590407909329,-2.96406964077072,-7.70507322303389,-25.0727018619278,-3.01050918233309,-2.05056413608613,-20.2358789190207,-2.66614207236618,-4.73160087573776,33.3402593238155,-4.24185324006645,0.18440177532405,0.152308397262755,548,63.2198394313957,81.1468106537724
584,ENF,4,2,0.547075746758936,-21.6844141441871,-4.45596019369196,0.419254972855929,-21.6307444370141,-4.47548997328116,-1.70697165464182,-20.1860768980288,-3.04566837887874,-4.39172439544577,33.3853200158452,-4.57018487991969,-0.146207715925505,-0.188346146001086,550,58.0422090667225,83.3573687773164
585,ENF,4,1,-3.74448760278131,-18.1198394784987,-5.61109116864894,-3.72373260967481,-18.081686659697,-5.47799874708169,-2.61457605415099,-17.681393331405,-3.41564435962785,-4.65120519485253,33.4127178557153,-4.61544075152706,-0.196108724776221,0.0717286703901781,521,54.886805259809,0.81883631526984
586,ENF,4,1,-6.9030394408827,-17.4532988816713,-5.11132086665756,-6.8475782584551,-17.4232358027246,-4.98633979397864,-2.97362167029588,-16.081711757421,-3.75424058591183,-4.60346095031157,33.435122612982,-4.73853627107772,-0.321184827113023,0.0238751272335396,504,55.46507101266,6.78709583935094
587,ENF,3,1,5.616617834454,-12.8854621218544,-5.51539098872584,5.62756703944709,-12.8690847524268,-5.37678400231949,5.67298988596163,-12.4412144221034,-1.60269556412993,3.37115818551647,33.3739524816413,-4.23037670751965,-0.0200258008725391,0.115816214205195,475,51.7378891328264,22.532285661377
588,ENF,3,1,2.1019504257925,-24.698554686541,-2.94012303852559,1.97536627206611,-24.6456026982468,-2.91232845342229,0.979508262415482,-23.6750325003897,-0.522923564789117,3.40867649110041,33.3553695073437,-4.37741980212516,-0.060722523328031,0.26318784865422,601,63.3736500722422,60.2383874727151
589,ENF,4,2,0.443996595334121,-19.6946188516232,-5.1535127671847,0.323822075634125,-19.7608661494978,-5.12577506109382,-1.72452901434784,-20.203789973479,-3.05663074707364,-4.41449096475398,33.3898712658055,-4.58443819125159,-0.161090421614691,-0.165527458274565,550,58.2350958849839,79.9444976860355
590,ENF,4,2,2.01494591724154,-15.4951278175667,-5.73810981512089,1.90639530228997,-15.5170268870068,-5.65245238840673,-2.50292256520576,-16.851953675014,-3.48086985964835,-4.44205990421442,33.3809055176077,-4.5323760147345,-0.108294863037918,-0.137895406559486,513,56.992750181822,41.3947756164566
591,ENF,4,1,-7.28677961650766,-18.783439424705,-4.65821699639217,-7.15157092753477,-18.7787268805421,-4.62221140857936,-2.65246113141766,-18.5497913343077,-3.18152875019797,-4.58096145544076,33.4040035603483,-4.59697681649222,-0.176253277053594,0.00132412534514898,530,58.3656534776996,54.6275804646839
592,ENF,3,1,2.64993162197182,-20.0827502295324,-4.4808262021912,2.64990066539395,-20.0697823655383,-4.34142809049265,3.54621480699197,-20.3627689260351,-0.396888478148372,3.34305603228054,33.3779580648344,-4.26479274647076,0.0082668992826457,0.1503091492532,559,60.4465835145465,16.9649867516005
593,ENF,4,2,-0.295845011865444,-16.2912219345538,-5.97668268035452,-0.417365376531582,-16.3421983802589,-5.92941532423332,-2.48947709078694,-16.8568262772192,-3.58112306992519,-4.4160341447361,33.3991840537989,-4.62852061501809,-0.206145689781551,-0.163980745564307,513,54.9513287003681,72.4470150493517
594,ENF,3,1,-1.38577797359613,-27.5709288380515,-2.59382947232237,-1.29546304445706,-27.4674981816984,-2.62112989175071,0.277600134749021,-24.4941926007953,-0.541445159058542,3.3890768504405,33.3609450371095,-4.36085900996988,-0.0403753978779707,0.2465900545569,612,65.3751888167285,87.0595300218123
595,ENF,4,1,-6.24994094423621,-12.6974756776358,-6.09224315293086,-6.15750929934488,-12.6798513944045,-5.98858131972661,-3.28112356118322,-12.2742492446665,-4.58566930163685,-4.49875646624746,33.4095095152404,-4.65056675297243,-0.229837056685818,-0.0810690517984839,465,50.2089455223187,24.1739039623138
596,ENF,4,2,-1.60116854055516,-15.4775787157385,-6.4811079082681,-1.70340630388842,-15.4535033819191,-6.38854539938843,-2.87241728791583,-14.8225343635038,-3.93655354047128,-4.31744575740574,33.3857787426237,-4.59698149264734,-0.172532208586207,-0.262794826574829,491,52.3368923602684,44.5343356440492
597,ENF,3,1,-0.19021994377503,-26.5819985834779,-2.9001027395545,-0.193151118450903,-26.5154934556421,-2.77694237179538,0.2371262119836,-24.4671944306396,-0.507073846998447,3.34726996600067,33.3732013663556,-4.32023397439621,0.00310620711747412,0.205874250063644,612,64.5033488978639,7.75044994557364
598,ENF,4,1,-0.793234099758115,-22.988850372531,-4.43019873654178,-0.842274060557135,-22.8660952519069,-4.38408732141076,-1.86550237921034,-20.3450833647455,-3.08280034078746,-4.60670550473638,33.4145412300975,-4.63890949684079,-0.219454599488206,0.0271271092616205,550,58.2776582263222,50.3222990816672
599,ENF,4,2,-0.414368400724775,-20.8874697345557,-5.10591780843898,-0.522875106268377,-20.8653604467527,-5.02025875027862,-1.71449521778142,-20.193569783064,-3.04388975196166,-4.4024659691028,33.3860270668526,-4.57001307648267,-0.146184081025196,-0.177579982173193,550,57.5422895551802,45.2505097662013
600,ENF,3,1,5.630133996191,-14.922087599214,-4.95690283685885,5.61499671255797,-14.8940623015459,-4.82057439032318,5.55419361310152,-14.1468093000311,-1.37926262733375,3.4331761513595,33.3580321701044,-4.25766950057344,-0.0840285510369525,0.143169987816982,492,53.160714981378,12.999283573957
601,ENF,4,1,-5.36111382595863,-17.8968601328368,-5.37774768663771,-5.25364098181138,-17.8529419545355,-5.29951226380636,-2.62653736664191,-16.7931047948497,-3.59777554839879,-4.52329931806281,33.4112576842112,-4.65080946665324,-0.230432017730145,-0.0564700152062248,512,54.9838199366912,39.7859591806268
602,ENF,3,1,-2.70096080934002,-28.7216983978744,-2.38864445234989,-2.64885048351164,-28.6267354047271,-2.29995091326975,0.249633287206275,-24.4740956227752,-0.53816935444522,3.35635322587676,33.368900507666,-4.3529445380026,-0.00670278446022524,0.238657899206469,612,66.7047676040626,30.0694186877907
603,ENF,4,2,2.12881307441921,-12.7096347954884,-6.42998391483756,2.00440347461471,-12.7106811409153,-6.36578767945159,-3.10957242805511,-12.8981637153581,-4.48218003418592,-4.41493169453572,33.4070485796136,-4.66654435239587,-0.244974156135461,-0.165085719551211,471,53.2857968537359,46.964778777467
604,ENF,3,2,-3.7638333496886,-28.6062193074855,-2.19698022426379,-3.67228522810637,-28.5102403776802,-2.15218082172103,-0.0301679879689071,-24.2795382495982,-0.412972754663118,3.04627647101362,33.4508108113817,-4.1827722080457,0.313808279504819,0.0681053515262863,612,67.0035010906618,52.7088901885919
605,ENF,3,1,2.85523579630356,-18.1118633044547,-5.14972353934114,2.82153964546472,-18.080366004984,-5.01753999443219,4.60531626682133,-17.9276897068798,-0.635336366159711,3.28146149287164,33.3872590110264,-4.33262218557252,0.07039428892984,0.218290140342961,532,58.5860775669164,0.764602074648856
606,ENF,3,2,-7.66721364645147,-28.0249093105351,-2.20129157810252,-7.53636950608795,-27.9759116584925,-2.2101820801608,-0.0471425192558687,-24.2696837170743,-0.377704476519056,3.03264961149584,33.4564740093988,-4.14520447115851,0.32834957750775,0.0304536766722643,612,69.8651397165223,68.49053846546
607,ENF,3,1,-4.61585737765243,-30.8908598205645,-1.0984820272269,-4.53157617296998,-30.7795501805164,-1.08814555927949,0.260558603750783,-24.4829567353239,-0.525102687593034,3.37182449225839,33.3661524679691,-4.34191241063764,-0.0223988773499897,0.22760112265001,612,69.1935845769877,64.1712862675567
608,ENF,3,3,-2.82725710691341,-30.8998169820215,-1.04459419452166,-2.79581404541716,-30.7927567401686,-0.960039842190549,0.445659303474696,-24.6347028855216,-0.2807446779803,3.63824907659475,33.3201704225911,-4.13238056970636,-0.29239887734999,0.0176011226500102,612,68.5438383947786,32.965774758587
609,ENF,3,1,3.77593121143812,-15.983421183399,-5.16126736477869,3.75740500309166,-15.96004857959,-5.02448103141351,5.26888778807836,-14.813568000609,-1.23926806565457,3.28271694458621,33.3895191748184,-4.29551854921418,0.0696691903053446,0.181103602962197,499,54.7679526845761,4.76423420119364
610,ENF,4,2,-1.88935670607837,-14.6510187209863,-6.59570856842518,-2.01870669526983,-14.6360508198957,-6.54428345556082,-2.89513020763976,-14.2109468533137,-4.00947171186188,-4.32694862666442,33.3718823401867,-4.52729252021405,-0.101474141158342,-0.253270202852022,485,51.6768087122554,67.9439285806545
611,ENF,3,1,1.1983115309654,-23.8579129202799,-3.75045687951409,1.27496596375658,-23.9571335934114,-3.68817240346428,0.985747382306547,-23.6812981173543,-0.460273208874172,3.426206618573,33.3555677350433,-4.31662583033679,-0.0777756934039127,0.202258044292196,601,63.9998542011759,85.9657644430319
612,ENF,4,1,-6.51163577181471,-19.9163144918717,-4.69032373751823,-6.42672606853948,-19.8804866189542,-4.58493538041973,-2.64224501000024,-18.958262140889,-3.24449084658892,-4.59756347173645,33.4316366622959,-4.72379725075188,-0.306044445726247,0.0179641478427592,534,58.1895166790588,21.6136436419813
613,ENF,4,1,-3.79887223884131,-13.4034812703546,-6.65294572481632,-3.76621279335805,-13.3284939718631,-6.53932237472633,-3.36044245491277,-12.7428334630289,-4.60056503780217,-4.63158113047265,33.4393271034933,-4.74935611344514,-0.332635685508752,0.0520596815782215,469,49.395500036068,29.1172152363334
614,ENF,3,3,2.27223635968065,-26.6329149595609,-2.828094126023,2.21248064042655,-26.5651998886476,-2.72111785207577,0.447161617772415,-24.6286188351258,-0.382656853259397,3.62094726399802,33.3171916908499,-4.23296455712814,-0.276182669100378,0.118409845871711,612,65.1940565054749,16.5431600533633
615,ENF,4,1,-4.30673742632746,-19.4725792793065,-4.99708979179514,-4.185664357322,-19.4504322866355,-4.93037530553293,-2.604480785914,-18.9355392488469,-3.12602376473126,-4.57256021031794,33.4046530102359,-4.6028690267204,-0.182153819536304,-0.007096352346338,534,56.2742854229231,51.9242511010356
616,ENF,3,2,-3.47853648396084,-26.4274008900569,-3.20852852457287,-3.44303645433823,-26.3692674481804,-3.08621642037876,-0.057068856076617,-24.259335786597,-0.422198648298225,3.01248141015789,33.4581526612017,-4.18734434459298,0.348390288970772,0.0726877036435682,612,66.1435102145871,13.9357255182709
617,ENF,4,1,-2.13177875037435,-23.2381203869102,-4.10632945496973,-2.12241962721828,-23.1314879659826,-4.01609679114521,-1.86958458361307,-20.3498310788571,-3.12718989909871,-4.60562991892605,33.4236315548193,-4.68279397223649,-0.264270622085476,0.0260490611641342,550,58.315126932979,32.0574549115241
618,ENF,4,1,-1.93593346183412,-22.0096960596171,-4.96429487932517,-1.9288441607386,-21.8731645014709,-4.93414731822741,-1.88763573754052,-20.3674622193049,-3.09989075725859,-4.63490786030372,33.420906592477,-4.66004927734458,-0.241449198179295,0.0553940271327952,550,57.7856836638541,62.7311712540837
619,ENF,4,1,-5.10484625255423,-16.1488050915062,-5.5839218680067,-4.97938614488104,-16.1141367367123,-5.53236736715066,-3.14928803836089,-15.4456337159154,-3.8815530680676,-4.63283958803121,33.4365066618671,-4.73543388216869,-0.318430892115886,0.0533210200634843,497,52.7678208121518,50.4104384708414
620,ENF,3,2,-4.58834482970136,-26.0789753287867,-3.35142502508884,-4.49814482483072,-26.0332359243773,-3.25461662666384,0.0324490858091247,-24.3296411219239,-0.347789399748193,3.13312961171298,33.4348173424216,-4.12909906389464,0.225567860825307,0.0143122849373338,612,67.0208673741411,34.7816307895142
621,ENF,3,2,2.97367475052073,-13.3922988144937,-5.92152273204606,3.03294990994006,-13.3798327795051,-5.79530445505149,5.41162757345112,-12.9119670442663,-1.40886975858377,3.13628034347648,33.4379192039397,-4.07346186897621,0.223180267671792,-0.0414492207170793,480,53.6210936077079,37.8224641626788
622,ENF,4,2,0.965847225428803,-15.5344664506901,-6.05144287523096,0.857310428022575,-15.5682691769569,-5.96972911074951,-2.48574614269008,-16.6338752988118,-3.60965332396089,-4.33949792840608,33.3941167205721,-4.62960383159549,-0.206170130750791,-0.240692172594059,511,55.8205448731161,50.5899794360907
623,ENF,4,1,-3.5236579153326,-23.4572015889288,-4.25463404929859,-3.51635552249845,-23.4143292772161,-4.12156023539328,-1.87011008083952,-20.3498670781851,-3.09466277173587,-4.61131252966498,33.4174605850229,-4.6513628010091,-0.232241707424449,0.0317446808320658,550,59.2827860552381,0.527825509844517
624,ENF,3,2,-5.09457157759175,-27.0215887891999,-2.79849493739295,-5.05984982622294,-26.9677209032996,-2.67402545980703,0.0121790519253609,-24.3152370419895,-0.343114907274756,3.10984285685626,33.4406410576367,-4.12109818509107,0.249565824001193,0.0062935296909657,612,67.6931936373728,7.06588816082489
625,ENF,3,1,3.53227544599992,-24.0147058373066,-2.93788457246847,3.41067229135377,-23.9506233787663,-2.96445732707785,1.86055694556852,-22.583977439935,-0.52715142934995,3.32191259595501,33.3754311130946,-4.37147827384282,0.0283296164538816,0.257233045156357,587,62.4532475076034,79.3132260986711
626,ENF,3,1,2.28785961288545,-25.5007452360338,-2.92039480079011,2.24429525857719,-25.4537290526861,-2.79592944200654,0.530404409151386,-24.1952917862585,-0.520036859313211,3.40935088476147,33.3563532272763,-4.36084802580117,-0.061162922614034,0.246579045846155,608,64.3186322485786,7.00910901821617
627,ENF,4,1,-5.31888315441233,-12.4255477528668,-6.21372180592398,-5.18370295363452,-12.4202104778732,-6.17769644245164,-3.37525907082973,-12.1817112298052,-4.69212248267495,-4.56877847215002,33.4364866640901,-4.75655426322667,-0.339101160651304,-0.0108867478665892,464,49.1863960378079,63.6123236589455
628,ENF,4,1,-0.647767780861747,-21.8730687453573,-4.68720192563964,-0.744862729702648,-21.7745707528836,-4.7088979249996,-1.83219884750775,-20.3123462207487,-3.11930222707139,-4.55479940710275,33.4169072461486,-4.66742953400267,-0.247856022495664,-0.024897814518926,550,57.7148612221838,82.8034347698147
629,ENF,3,1,4.48017565305512,-21.721192727003,-3.40959336704087,4.38943586317284,-21.7109805275505,-3.30347078926186,3.36879397787325,-20.8422431186489,-0.424998854514237,3.4435828673802,33.3512275728363,-4.32251705591747,-0.0956814401631454,0.208162432696573,564,60.0652091097665,24.3615243871558
630,ENF,3,1,3.25503725139756,-20.7534797654714,-4.3470895815292,3.27871909058336,-20.7716592355404,-4.21030991432392,3.33522860039058,-20.7001952232965,-0.527337652016043,3.32421534088867,33.3724381262361,-4.40751460757806,0.0254225398366116,0.293349895229194,563,60.4299057136609,33.3442293353563
631,ENF,4,2,-2.16266605448165,-12.8153507105646,-6.56163602368136,-2.26859194750657,-12.8051084687885,-6.47067008681336,-3.13802496747956,-12.5500220742109,-4.38651569402637,-4.41283657060489,33.3695498097678,-4.487678517616,-0.0622198826672436,-0.167185639749053,468,49.3945844679647,51.2029265260245
632,ENF,4,2,1.38528517178098,-13.9302203988665,-6.16473279062067,1.24535036451757,-13.9318310642345,-6.16868949041037,-2.95055232988304,-13.7427689929375,-4.22749909472709,-4.35086787438359,33.3997990775073,-4.65304775471602,-0.230280587919917,-0.229296197942978,480,53.2879517833564,79.3538072674726
633,ENF,4,3,-6.72319777536136,-24.9582245647504,-3.23306575019511,-6.62472694574803,-24.8680186091768,-3.27509408937615,-1.94378301969435,-20.2798132543841,-2.8770897816017,-4.64943851076599,33.3759757771561,-4.44008949477939,-0.0169494959511958,0.0699579419182496,549,62.337168466686,84.7715028534378
634,ENF,3,2,-4.37018675159216,-29.6241191755739,-1.62552778338776,-4.27537382774812,-29.5219458102377,-1.61244677088819,-0.00501986419145981,-24.2984222387686,-0.404378778902123,3.07786382181825,33.4439465523949,-4.17852829315438,0.281484941049453,0.0638519544138681,612,68.0074460055657,66.5606923300141
635,ENF,4,1,-1.75183798156689,-17.8484420480273,-5.82898349188168,-1.76856251276169,-17.8196534211638,-5.69300001854896,-2.62927193955179,-17.4040403411642,-3.50458209872691,-4.66863461924971,33.4200816140221,-4.64492911005941,-0.226479693695684,0.089197995135071,518,54.6104199123853,7.79577847692246
636,ENF,4,3,-5.95488590703444,-25.5236456351717,-3.54362698376408,-5.86908888628988,-25.4146616142718,-3.52461765921408,-1.87891473271129,-20.3554587608515,-2.88134685810879,-4.65603709806028,33.3777375453381,-4.44634021465276,-0.0234283649571462,0.0765716350428537,550,62.245229238618,60.2238739981366
637,ENF,4,2,-0.654123880832615,-12.2259855363343,-6.66951792765025,-0.752681067967057,-12.2283584234026,-6.57011546152839,-3.17379503023363,-12.3734031860427,-4.60856343119496,-4.40259371733912,33.4077532271986,-4.67400466234342,-0.252420966796621,-0.177451941488947,466,50.1667378377914,36.9273349685396
638,ENF,3,1,4.3365548940718,-13.6779620163965,-5.64414056768733,4.4054788652954,-13.6660190494491,-5.52286875838581,5.62871012220848,-13.2424321936483,-1.50376402621594,3.35668984638065,33.376948532981,-4.23447967802946,-0.00525306075590027,0.11992835202267,483,53.0334123572975,42.3630899541955
639,ENF,4,1,-5.12899385967446,-12.7985086237978,-6.27416495311545,-5.09070972941328,-12.7789842622963,-6.14092410097879,-3.28441843409973,-12.391581344732,-4.63581826802978,-4.51072447030435,33.4230064747694,-4.71123217594378,-0.291980478837437,-0.0690736499622661,466,49.4277115935194,4.42335513106593
640,ENF,3,2,-5.17667181339485,-28.6634632752728,-2.09683467936238,-5.1322943990912,-28.589304189044,-1.98669351980144,-0.00780512483606077,-24.2952190883418,-0.421118299840502,3.07140766121273,33.4443108675347,-4.19454124651959,0.287862059170203,0.0799006856794807,612,68.2700075390936,17.1955925411722
641,ENF,3,1,1.66261462484246,-23.4206622648284,-3.93822715754249,1.73333784216746,-23.4956259311695,-3.84347128564056,1.42962749185697,-23.14213258817,-0.426467320030659,3.39182480729051,33.365968064585,-4.27853856796346,-0.041945731037566,0.16408568317109,594,63.4340403815812,71.1462246780283
642,ENF,4,1,-4.29865293235509,-22.1210231431086,-4.47617869087928,-4.21500465159292,-22.043126877444,-4.39533849715712,-2.09336912765908,-20.1434756517798,-3.11559778379325,-4.63173664025455,33.4231431451442,-4.67180908535448,-0.253417872090992,0.0522155473612321,547,58.3587031227116,40.8562949743074
643,ENF,3,1,0.597977122760226,-24.9172261587317,-3.50989581490123,0.591472289330023,-24.9335482925949,-3.37100278020116,0.232981710214348,-24.465555848777,-0.487562849187255,3.34598485973916,33.3748574448767,-4.30033053783735,0.00472543136618256,0.185926343059237,612,64.4997309984089,27.1496017468034
644,ENF,4,1,-4.11799739416009,-14.6662360517812,-6.3332322970621,-4.02316980105907,-14.625768090383,-6.23852183466782,-3.26305924175152,-14.2495074874688,-4.14857712977354,-4.68200677321482,33.4305634016233,-4.69069160080543,-0.273418524001884,0.102600761332736,485,51.190350958571,34.5617166568462
645,ENF,3,1,-1.54194054509715,-25.2545684163195,-3.42373968325499,-1.40890387657593,-25.25636595385,-3.38017348434344,0.292665034770783,-24.5079266330381,-0.501905301664016,3.41444221399884,33.3576955138253,-4.3244582667485,-0.0658318994259726,0.2101079807942,612,64.9790308672841,76.8959561993112
646,ENF,4,5,-6.98812210136176,-26.0425163146732,-2.8054172843444,-6.89444735946617,-25.9385219141746,-2.8086121858657,-1.89012853280711,-20.3632796572967,-2.656151200366,-4.7059228968868,33.3360697034209,-4.23029577934974,0.196571635042854,0.126571635042854,550,63.3598946964387,67.4099115664461
647,ENF,3,1,3.56171822747561,-23.2137424666565,-3.34365344253846,3.47833161426737,-23.1773096857483,-3.23726112508578,2.23414918347075,-22.2420413332608,-0.419680685110811,3.40028348910881,33.3638260909566,-4.28183219750059,-0.0506686215794301,0.167386671697332,582,61.8586001279318,24.5083857462974
648,ENF,4,2,0.0380267309757248,-12.9968930341205,-6.65810760000301,-0.00125951151850055,-12.9882835215504,-6.52400887725,-3.14552096601967,-12.7965283260266,-4.49707842715875,-4.43727345511052,33.4058666027208,-4.65348527907748,-0.231949238883212,-0.142692813052411,470,51.3999235574697,10.5751656191136
649,ENF,4,1,-5.9495826838397,-18.4869356950806,-5.25658741759314,-5.87354372627597,-18.4671913472549,-5.14070714463195,-2.66588603041585,-18.3882248605951,-3.35601439396946,-4.58854367621579,33.4325908767545,-4.73135365570894,-0.313636340265009,0.0089237037355873,528,57.1112435996895,22.6798399479665
650,ENF,3,1,5.54090097328374,-13.6787657031446,-5.09195819908085,5.66541594804859,-13.6645411337324,-5.02955881860038,5.77034737526174,-13.1665903513784,-1.59658320565693,3.47722838695817,33.3433543796963,-4.32618669524825,-0.130234991573979,0.211840271138882,482,52.2370156259967,82.868080594926
651,ENF,3,2,2.62225454396688,-14.4707031514853,-5.77512188788794,2.70740203186931,-14.4621623215085,-5.66432044598752,5.28990212405593,-14.0804117104399,-1.32707627938253,3.17665416650286,33.4219181000428,-4.17342518183879,0.18026899163794,0.0587374411660904,492,54.8446193053954,52.342995406478
652,ENF,4,3,-6.69052355863023,-23.6949239453113,-3.53626764507365,-6.59173816673324,-23.6141777089778,-3.47863526124541,-2.15586735651057,-20.0566965399464,-2.86013680716573,-4.66807647574305,33.3735465607819,-4.42228476484843,0.000975827684972938,0.0886385738971736,546,61.0787385364003,48.0132187870305
653,ENF,3,1,3.437513906876,-14.6728038691915,-5.68871051615777,3.52311743876862,-14.6640549855495,-5.57827731298713,5.58123471596707,-14.2757409857436,-1.45247511995257,3.47243449980884,33.3422052264232,-4.3587777883745,-0.125813438792997,0.244504182867492,493,54.5010144478385,53.6754239723215
654,ENF,4,2,-0.926513605450842,-17.4502058786408,-5.70231094154653,-1.00742121144177,-17.4421039865972,-5.58834463670983,-2.37378847656383,-17.2596621679949,-3.4370027733727,-4.41181912906967,33.3789474093553,-4.53301509633705,-0.108520158077893,-0.168205410464524,517,54.6034756671603,32.9425439171864
655,ENF,3,1,-0.581385383327919,-24.43649800287,-3.84149104674445,-0.500541342602828,-24.5217031047379,-3.76530488202327,0.303729617644826,-24.5149185145869,-0.516822662729117,3.42483685526083,33.3542064724947,-4.34099964173799,-0.0767405161898484,0.226686314341756,612,65.0636443223406,72.6396318287561
656,ENF,4,1,-7.2244233301057,-15.4618930032953,-5.40354752756859,-7.09305563350177,-15.4404785334255,-5.36014304889214,-3.23658365453591,-14.8423642196608,-3.95046304590648,-4.6786782487386,33.4191243365368,-4.63701895867557,-0.218540897052482,0.0992646170246201,491,53.8552976273808,47.0957624370225
657,ENF,4,2,0.731545462236669,-19.1964348259826,-5.30143667497566,0.692567469213758,-19.1749114351602,-5.16870589592493,-1.6789767452713,-20.1581516429597,-3.04932804842692,-4.35220573050259,33.382121156503,-4.56795543546914,-0.143371419924877,-0.22795527913395,550,58.6263500109802,10.5073112491916
658,ENF,4,1,-4.8831772637196,-13.8374113178236,-5.99573467206892,-4.82589656759798,-13.8125357373005,-5.87043452304481,-3.16949049862084,-13.1045644433646,-4.41557792189732,-4.50297647965011,33.4140188573348,-4.67076174993741,-0.25052740319951,-0.0768393777209647,473,50.0840732540337,11.6158612346157
659,ENF,3,3,-0.240689973688174,-29.4018564046974,-1.68278197557001,-0.228935664733391,-29.2683837243642,-1.6422002084121,0.454396330263245,-24.6438632549916,-0.240839302738217,3.65613990179169,33.3187115095265,-4.09455892344941,-0.310169939638807,-0.0203050288859888,612,66.3667564047461,48.3173231852357
660,ENF,4,1,-2.86360423670338,-22.1727935777348,-4.54443384790168,-2.78326147685183,-22.0593592815588,-4.56109822279245,-1.83724386722643,-20.3170056524394,-3.09384061200398,-4.56569650399327,33.4127224823259,-4.64378217895838,-0.223852578073002,-0.0139757714256473,550,57.9097433129789,84.2913196263755
661,ENF,4,2,-1.42937499340643,-14.0196017221188,-6.50069647348528,-1.49624829451639,-14.0019479204327,-6.37897422866254,-3.03661974220361,-13.6501590546665,-4.2355864993736,-4.43123897048515,33.403999999091,-4.6465457406125,-0.224774666692404,-0.148741112134842,479,50.9998312337259,27.7516909508579
662,ENF,4,2,-1.80026324471317,-19.0226501828625,-5.36018692283165,-1.92714149206914,-19.0616873260033,-5.31571207821944,-2.44689466444202,-18.8173177819102,-3.17079665221476,-4.39454274766891,33.3947296376302,-4.61430866509093,-0.191323267465827,-0.185521341858989,533,55.9929242659783,78.2587051973296
663,ENF,4,1,-5.75976818098893,-21.7054668269547,-4.49591375713912,-5.63760516657061,-21.6384818350397,-4.48215843939023,-2.31533710217228,-19.6787933323541,-3.11462968656279,-4.55526175201868,33.4129890327038,-4.64851437585,-0.228539329592767,-0.0244344111788879,542,58.8743364627054,68.7686027920991
664,ENF,4,1,-2.19755510033678,-20.9466035211821,-5.11851349044694,-2.13931553638198,-20.9140866378712,-4.99542488215965,-1.88288580088551,-20.3634571462488,-3.14924985195529,-4.62078378463773,33.4297200573151,-4.70692950837876,-0.289141113796152,0.0412376178958635,550,57.3859030737647,22.3031198616216
665,ENF,4,1,-7.8498319921616,-20.2639613211054,-4.11328122004712,-7.7959915943592,-20.2383392327009,-3.98661346507266,-2.59540871616404,-18.9356571867835,-3.14089027530085,-4.56177801793072,33.4067305002182,-4.61638782319491,-0.195811818525335,-0.0179032278909404,534,59.7526880328038,3.27066734846182
666,ENF,3,1,0.768392774280121,-26.3681269243339,-2.99171263650953,0.745272561298931,-26.2961352149325,-2.87388798064684,0.231834289199991,-24.462051304661,-0.525489377776934,3.33751179838137,33.374229333575,-4.33747663699633,0.012850359463473,0.223155438115691,612,64.4732079224974,9.16625386281445
667,ENF,4,1,-2.58641610515755,-20.0984505279651,-5.01916295071447,-2.50881139332487,-20.1866533893973,-4.94301990154693,-2.19868650460737,-19.8424126513955,-3.09799644940593,-4.54248323869102,33.4094951492684,-4.63601627195232,-0.215590918843748,-0.0372421777459861,544,56.787336915636,65.5644540462696
668,ENF,3,1,5.18801300384433,-18.7522635735324,-4.22045383323001,5.17592159264717,-18.7386236358601,-4.08164551260204,4.63585542183741,-18.2455505868708,-0.691341395463453,3.3690526571722,33.3606612398794,-4.43113883204375,-0.0209086941543024,0.317026903533725,535,57.4051356843822,17.9702764236582
669,ENF,3,1,-1.70419511959573,-26.9009898009397,-3.0270583870301,-1.64505229208444,-26.8198693921578,-2.92947967401835,0.239492394720661,-24.4662704909339,-0.544620483824542,3.34305639673249,33.3715936208907,-4.35759522987321,0.0068604660598685,0.243318982164022,612,65.1901226241012,33.4143828454854
670,ENF,4,2,0.366918011271089,-14.4431752260661,-6.26182343961628,0.252617288808605,-14.4312719909289,-6.18186308795484,-2.90555754750352,-14.109192701265,-4.01659802855522,-4.33496724725855,33.3700959717646,-4.5160829909119,-0.090136154899246,-0.245233225613254,484,52.723305066064,45.1529249405782
671,ENF,4,2,1.70809530319136,-18.7418471690154,-5.19048583576173,1.59443600744784,-18.8027634431541,-5.13598104664969,-1.72237949898611,-20.2011191551931,-3.02189616571978,-4.41678667459981,33.382903740192,-4.55031447323078,-0.126262984340299,-0.163226492969975,550,59.5093604393474,65.2921351605146
672,ENF,3,1,2.78075439628506,-23.0917810331607,-3.75963918438659,2.74806368763766,-23.0763805509899,-3.62438334267527,2.00555436922756,-22.4447479202808,-0.427552882423115,3.35418569453481,33.374555010702,-4.27765245506296,-0.00333957945531973,0.163197590419758,585,62.2512006089392,10.1908100933213
673,ENF,4,1,-3.02566223425743,-12.6091276370293,-6.53463642337902,-3.10199082081957,-12.5962789176519,-6.41797941637222,-3.38265093291172,-12.4094564714696,-4.6749329653186,-4.60533208552619,33.4395130840455,-4.75893997944568,-0.342055176965361,0.0257505459485166,466,48.7601431320042,36.5729764749715
674,ENF,3,2,-5.89401401868273,-28.106265673956,-2.51043115306611,-5.7905897743689,-28.0362107747834,-2.44721931248203,0.0223200078376529,-24.3193842201353,-0.388897995462327,3.11335400356938,33.4366379754418,-4.16787185737666,0.245257047429787,0.0531717088560818,612,68.4663283943066,43.6565618228426
675,ENF,3,1,-1.43256988623472,-28.7857318373805,-2.24715413750062,-1.38509436519005,-28.6637507261143,-2.19748842099726,0.26498215810539,-24.4871398607582,-0.511357119592604,3.37967264981996,33.3652518514357,-4.3291216982286,-0.0302520801321866,0.214781831825478,612,66.1083319195712,48.6744357574386
676,ENF,3,2,-6.58912865765801,-28.3659217621279,-2.00015570032644,-6.46330305649742,-28.3053021402023,-2.00980865480513,-0.0169447470890363,-24.2884603191326,-0.422760818306647,3.06020523995893,33.4468426921967,-4.19462577459066,0.299347020907306,0.0799854026124557,612,69.0201513155919,73.6524577255695
677,ENF,3,1,3.60339242769199,-22.1951449886118,-3.41178682502924,3.55176929893923,-22.1873741007926,-3.28188430049535,2.76752030110861,-21.6388495088008,-0.473966413292873,3.43889506867198,33.3494957013966,-4.36325468503363,-0.0914920926147174,0.248991082301191,574,60.7888688279637,15.4510375538895
678,ENF,3,1,2.90208877875755,-25.0725532601191,-2.77645523840583,2.78762125597125,-24.9923183579726,-2.78417188953888,1.16066201305698,-23.4374722029182,-0.538423597852146,3.38012290157635,33.3609553122357,-4.3902848346888,-0.0316404280170637,0.276081625687611,598,63.5083014676227,72.704830664396
679,ENF,3,3,1.94067138931371,-27.6767132178426,-2.38394476764997,1.87604153817545,-27.5527387068238,-2.37664388006646,0.504177214518761,-24.6771636982647,-0.281778529490998,3.7078105069656,33.3036703411205,-4.14321062496647,-0.363886782434662,0.0284553756099171,612,65.5257220023365,62.3590584926987
680,ENF,4,2,0.934995215334241,-12.7983707439132,-6.27277171527853,0.814027949487654,-12.7989046577731,-6.20229735448263,-3.01187121339967,-12.8796526644339,-4.46814054891632,-4.31805049505374,33.3953908152919,-4.64280781482075,-0.219355729049856,-0.262188704529849,471,51.8785151436055,50.0283732779063
681,ENF,3,1,4.30452126225947,-12.4369345171752,-5.59901169694927,4.41243133433178,-12.4287398000071,-5.51019580334974,5.76182671807268,-12.0396999086984,-1.79610123458238,3.46461660965241,33.3411126925172,-4.40053181968212,-0.118430096350002,0.286351505621054,471,51.5574715719086,62.9575083362315
682,ENF,4,1,-3.64699165922055,-24.869094145884,-3.73212460547696,-3.60875564950983,-24.7640971748668,-3.64778218650161,-1.86071040789921,-20.3406755101067,-3.10817291052683,-4.59617413946846,33.4187441650856,-4.66252273782593,-0.243428364957146,0.0165716350428537,550,60.3875172765117,37.0815965056491
683,ENF,3,1,-0.924992824100437,-26.2667236633823,-3.29320635724139,-0.907706826433841,-26.2064782421577,-3.16801976248725,0.287063132958267,-24.5032248293242,-0.510853489146515,3.40608819031342,33.359048173272,-4.33232839520922,-0.0573854617974262,0.217995693560933,612,64.8228073520019,12.4557827371312
684,ENF,4,1,-2.78640377837798,-23.9675876246433,-4.09786320888327,-2.7511082296044,-23.8366792753118,-4.06297440964823,-1.87011905520473,-20.3500423427621,-3.10571925983193,-4.60964200893659,33.419584339882,-4.66208547572316,-0.243172091504872,0.0300703358604637,550,59.1493329036018,59.9188716238831
685,ENF,3,1,3.24342043494411,-18.3896674101564,-4.74783040686786,3.30018370758986,-18.4125917301708,-4.62192406695433,4.38717542801914,-18.6621657139123,-0.52950097613579,3.29563768218681,33.3866821165791,-4.29420906622452,0.0564409368874013,0.179791194181716,540,58.7404595577015,47.220507601706
686,ENF,4,3,-7.9452084761143,-22.3688178278764,-3.63172528796981,-7.8212857487393,-22.3068549604795,-3.61163149032229,-2.44113344055869,-19.6214580774889,-2.93696836554154,-4.66641757914606,33.3863376660321,-4.48408330132846,-0.0621324829437777,0.0869758796675409,541,60.9244397229508,57.5437320488498
687,ENF,4,1,-7.14757414130459,-16.578457386247,-5.11037567934911,-7.04154314091411,-16.5461153188143,-5.02486885137395,-3.01973472969176,-15.509152786271,-3.82159752222515,-4.52014021877066,33.4186407371045,-4.68720884457423,-0.267572002082657,-0.0596363464733018,498,54.791531531163,30.4198902925641
688,ENF,3,1,2.67414309253695,-23.6363760973069,-3.75640785263308,2.56362334583031,-23.7188166987643,-3.732139914541,1.80799909211898,-22.8072802949258,-0.507705831213104,3.43010832251574,33.3513255601245,-4.36559581011139,-0.0825181987158603,0.251337438177913,589,63.1449764016475,81.6179919605852
689,ENF,4,1,-3.19840743879321,-13.8167234144775,-6.43774965239456,-3.23259677723543,-13.7075835046669,-6.35700580294816,-3.29500081552173,-13.0884664825441,-4.31417228930581,-4.63569744861977,33.4038575301689,-4.57814977372264,-0.157793975022734,0.0561854230156131,473,49.815716444828,52.8632881718019
690,ENF,4,1,-4.94965593572427,-23.8781154198673,-3.90410291769615,-4.91621035630474,-23.8275532637094,-3.77790917148836,-1.85017569880749,-20.3300888068116,-3.10435039424963,-4.5820944401202,33.4165422308315,-4.65664195855791,-0.237221642221603,0.00245970371223012,550,60.5330935647493,7.68622358617864
691,ENF,4,1,-3.21744890792423,-17.5772276449052,-5.98851247335406,-3.1259035420413,-17.5811365980195,-5.88266273990654,-2.66531230697337,-17.1273202807796,-3.62129731695734,-4.6478056658876,33.4339896223162,-4.71842469559578,-0.301266357960209,0.0683213590461706,515,54.3630855064199,40.4823591633986
692,ENF,3,1,4.2826498301141,-19.6607607895392,-4.53624400341631,4.34951751438543,-19.73815087962,-4.44064334046112,4.03352098542288,-19.3779590621643,-0.47696271970208,3.31996441709168,33.382337717343,-4.27720402945721,0.0317555121234201,0.162748162892228,548,59.4600532336793,68.0720449269271
693,ENF,4,2,0.230705998382596,-13.4479688941084,-6.41597432093752,0.0933911654835288,-13.440229018346,-6.38980695597497,-3.12256984910692,-13.1687526431996,-4.30362348880405,-4.47433021198256,33.3940469438713,-4.58461515966316,-0.162117274354151,-0.105551223919093,474,51.7901602429796,71.4721105559045
694,ENF,4,1,-3.01523127669005,-19.3794388208214,-5.46996237090369,-2.93499682031552,-19.4243103679953,-5.36437365813332,-2.55039189651149,-19.0285925012535,-3.15803395769484,-4.53418614098845,33.4100717465674,-4.6415251415205,-0.221101323090923,-0.0455582695975213,535,56.2533219819951,44.5137347487383
695,ENF,3,1,1.43764069871266,-24.6281372194275,-3.58941690245287,1.40931922570441,-24.7516670486356,-3.52993349751948,0.582297802843086,-23.9839475441207,-0.510682384417014,3.31926840930566,33.3778445707391,-4.34502020616755,0.0314416642020396,0.230715861958273,606,64.4965575543274,80.5272813748171
696,ENF,4,1,-4.91066152385995,-21.0279227817325,-4.66502447490746,-4.84095497382382,-20.9777998086193,-4.55444109257378,-2.43856407119436,-19.6305807967399,-3.15067078089485,-4.63485345269948,33.427494412411,-4.69161251889185,-0.273692609519982,0.0553394949758275,541,57.7403799855934,24.0901593474868
697,ENF,3,2,-6.71297537937667,-27.1046719756457,-2.29503162238205,-6.60886018411476,-27.0515236162905,-2.21799086684693,-0.00801564889979614,-24.3011748412827,-0.33436274333568,3.08740982784243,33.4465458263582,-4.10909548875393,0.272749063523283,-0.00573598438954835,612,68.7512213414936,36.953882751444
698,ENF,4,2,2.39631567312718,-15.9928561240512,-5.67537080145375,2.26593916170496,-16.0438653403075,-5.67552931420501,-2.42609929869242,-17.0497872247324,-3.45869067048256,-4.42314735092656,33.3787438607284,-4.52828867340624,-0.103851937845884,-0.156851255451108,515,57.4833673591213,80.8737219512073
699,ENF,4,2,2.04458206426431,-20.7726605558212,-4.38215652739024,1.90500532910015,-20.7715903991127,-4.39298194957758,-1.71605904640723,-20.195405442678,-3.06201730970436,-4.40188304572616,33.3897249349422,-4.58791306329364,-0.164461996625343,-0.178164240008446,550,59.0703396605049,80.6631044824421
700,ENF,4,1,-2.69034365287655,-16.2133629187778,-6.26824642098496,-2.80681967361993,-16.2258029139628,-6.19157450232118,-2.9555809526878,-15.7702558488332,-3.73019082964751,-4.51477470176482,33.4116603137048,-4.65556065694712,-0.235165179798985,-0.0650141465006218,501,53.1253211418638,61.7141491942213
701,ENF,3,1,0.476206004394096,-23.9240031926714,-3.91349882704453,0.52396189429307,-24.0320190000698,-3.83831930634888,0.531503818354123,-24.0723769145744,-0.454861157305466,3.34447338543128,33.3759516698058,-4.2893675306493,0.00644130153086848,0.174938841115578,607,64.6728473458772,77.3082492409998
702,ENF,3,1,4.7403584904108,-15.1711050720944,-5.30670621346265,4.73172623957471,-15.147373075397,-5.16900263116263,5.54526601564576,-14.3575948539859,-1.36842687141221,3.46286323425682,33.3487832357412,-4.29447468099039,-0.115025415841843,0.180057402413284,494,53.883713623204,7.98959402606094
703,ENF,4,1,-4.43090276863681,-12.894419461394,-6.37512387217757,-4.29664360851035,-12.8549384019081,-6.37908920495119,-3.42105679012686,-12.5252549113518,-4.62670701249387,-4.66239424603526,33.4378787532396,-4.73221594027666,-0.315561399967627,0.0829433361326656,467,49.1919191557806,77.8495478586999
704,ENF,4,1,-6.13700003439706,-15.4695163165449,-5.67328923498166,-6.0358436340035,-15.4433232010217,-5.5801157228733,-3.07099723311536,-14.841102017925,-3.97114578610096,-4.51233226746674,33.4095514183454,-4.64627128843843,-0.225640870760342,-0.0674621721467269,491,53.0715256602069,28.8557915895204
705,ENF,3,1,3.26372199752028,-24.6194234476918,-2.93445827423943,3.20175659550608,-24.5581958193759,-2.82486143813534,1.54369211165271,-22.974786489276,-0.542838341187277,3.34586764077305,33.3687837164826,-4.38928231542807,0.00349790304140712,0.275076866488162,592,62.8265154152622,16.0498361185395
706,ENF,3,2,-5.61929708988012,-26.4619975581971,-2.8644320083965,-5.54435514479843,-26.4106977750595,-2.75788606939642,0.00261704519356069,-24.309401994569,-0.327278830461352,3.10141144742538,33.4437301287368,-4.10390428923455,0.258471355490336,-0.0109387826574646,612,67.8407717700197,21.5432852707842
707,ENF,4,2,2.2562580827545,-19.4929696824187,-4.65969824402039,2.15155003980748,-19.4935103526189,-4.56676852101456,-1.70507365617038,-20.1847649892825,-3.0845700026683,-4.38316130062803,33.3925234186923,-4.6075137458385,-0.184220833831802,-0.19692884390226,550,59.451504024268,37.6171657212498
708,ENF,3,1,4.67087683463715,-17.1963987012469,-4.96279192198145,4.68537726424679,-17.1814521557711,-4.82434937678859,5.01478312232617,-16.7223917414523,-0.905169818191195,3.35858396468,33.3625976306986,-4.4374821616312,-0.0102708784263301,0.323384406085339,519,56.3609047324294,22.6072804144021
709,ENF,4,2,1.30067992771795,-16.7804248962484,-5.66898523233359,1.21182577563573,-16.7719760507542,-5.56112626577279,-2.31633859620076,-17.1430135907525,-3.49120172499318,-4.33107926671353,33.3794678337158,-4.56224700918689,-0.137241134360397,-0.249130106726197,516,56.2123489761041,28.8510827414849
710,ENF,4,1,-5.08075457345351,-20.0808363998182,-5.07586864058776,-5.02831297039811,-20.0467924537942,-4.95060536580981,-2.61317250941482,-19.1433567176113,-3.10604326598447,-4.62915053077884,33.4104857359165,-4.61205662723493,-0.192339761414802,0.0496235176287734,536,57.29639796192,12.1480637464478
711,ENF,4,1,-6.93945102538166,-21.6816770305664,-4.03611280590966,-6.84654812084728,-21.630727661416,-3.94460754861671,-2.4828274083037,-19.5368151335907,-3.14532980392391,-4.63503604479663,33.4253901547614,-4.68147598592103,-0.263339974681319,0.0555225050723316,540,59.6779760224687,26.6559089003099
712,ENF,4,1,-4.8111072851897,-15.0520851559916,-5.95595228904481,-4.68913688441096,-15.0146583032288,-5.89831157404101,-3.15465874820345,-14.5663752157137,-4.14675517160824,-4.57802713562723,33.4352004445971,-4.74733228220243,-0.329810993201809,-0.00161691186639649,488,51.6441158777359,51.5055433087801
713,ENF,4,1,-4.0422929873124,-17.3801059515439,-5.74068841023984,-3.9386654486814,-17.3506405627614,-5.65128413684545,-2.80397601559837,-16.747545057262,-3.60197777003813,-4.67394999589194,33.4251436011485,-4.66740763248247,-0.249518317317668,0.0945255400148366,511,53.9937846845779,39.7668337281957
714,ENF,4,2,2.136720439844,-17.6311045398615,-5.64927247275432,2.0423485305166,-17.6174503705499,-5.54676634420431,-2.39110510958482,-17.3779003798737,-3.4612038789851,-4.43657640423744,33.3899742370361,-4.5776168740462,-0.154434208457512,-0.143391459650723,518,57.3462656275391,31.204688511232
715,ENF,3,1,0.395841388188428,-27.711723429601,-2.42819500821624,0.400839371620512,-27.5720264723618,-2.42046323612102,0.271544259409008,-24.4924163296679,-0.504159355242231,3.38884332931575,33.3635849756524,-4.32313585893693,-0.0395644131673429,0.208782618313754,612,65.0596662142977,67.1806915971403
716,ENF,4,1,-3.13395878624815,-18.4629249154382,-5.71395199147172,-2.99713862998366,-18.4839905385379,-5.69305978327868,-2.54228520704898,-17.8874603986514,-3.36480530381866,-4.55187496329201,33.4045698952692,-4.60932169996963,-0.18845323299181,-0.0278289531190248,523,55.3177240190692,80.4158974253986
717,ENF,4,2,0.668685930243567,-20.4231141592065,-4.97950961841828,0.534573871977905,-20.4431064708224,-4.94466333735414,-1.69354713931476,-20.1724604334597,-3.03244035953082,-4.37505454049469,33.380909788807,-4.55458769913665,-0.130038349790408,-0.205054162453868,550,58.1040281025557,68.1110300612157
718,ENF,3,1,5.51727672705232,-17.476257932539,-4.66184387846885,5.53616408564482,-17.4617491601637,-4.52388459748508,5.1107913062953,-16.7359381294785,-0.814989765020149,3.46324191133114,33.3443099254179,-4.35845183804672,-0.116383011152349,0.244177504265659,519,56.1961195522454,29.8800631905911
